steps,ep_rew_mean,success_rate
1024,0.20726210714285712,0.03571428571428571
2048,0.4140935,0.09375
3072,0.18297103125000003,0.03125
4096,0.7687773999999999,0.16666666666666666
5120,0.5529973448275861,0.10344827586206896
6144,0.35484680645161293,0.06451612903225806
7168,0.31701246666666677,0.06666666666666667
8192,0.33104948148148144,0.07407407407407407
9216,0.18414129629629628,0.037037037037037035
10240,0.25117243333333333,0.03333333333333333
11264,0.15499880000000005,0.04
12288,0.7232302333333334,0.13333333333333333
13312,0.15771928125,0.0
14336,0.5615853225806451,0.0967741935483871
15360,0.2668800714285714,0.03571428571428571
16384,0.5145991515151513,0.09090909090909091
17408,0.036639,0.0
18432,0.4777011612903226,0.0967741935483871
19456,0.36690206896551725,0.06896551724137931
20480,0.2638412499999999,0.03125
21504,0.5379303666666666,0.1
22528,0.5277055333333335,0.1
23552,0.21593013333333338,0.03333333333333333
24576,0.332226,0.06060606060606061
25600,1.0300418125,0.1875
26624,0.549939548387097,0.0967741935483871
27648,0.7942830322580645,0.12903225806451613
28672,0.2639352413793104,0.034482758620689655
29696,1.0216959375,0.1875
30720,0.8865084705882353,0.14705882352941177
31744,1.0749226571428574,0.17142857142857143
32768,0.629973125,0.09375
33792,1.2931694878048783,0.21951219512195122
34816,1.1196108055555554,0.19444444444444445
35840,1.1428579393939395,0.21212121212121213
36864,0.6070555454545455,0.09090909090909091
37888,1.0101107142857144,0.17142857142857143
38912,0.6416194722222224,0.08333333333333333
39936,1.3332272285714286,0.22857142857142856
40960,1.295960880952381,0.21428571428571427
41984,1.4249258139534886,0.2558139534883721
43008,1.1459452368421055,0.18421052631578946
44032,1.0904133125,0.1875
45056,1.0035926666666666,0.15384615384615385
46080,1.514286868421052,0.2631578947368421
47104,1.053309393939394,0.18181818181818182
48128,1.0851220285714285,0.17142857142857143
49152,2.0755380714285714,0.38095238095238093
50176,1.9404749767441856,0.3488372093023256
51200,1.0352663333333336,0.15384615384615385
52224,2.0426714186046517,0.37209302325581395
53248,1.5510041463414634,0.2682926829268293
54272,1.9256278750000007,0.35
55296,1.589147256410257,0.28205128205128205
56320,1.3135300243902441,0.21951219512195122
57344,2.169305428571428,0.40476190476190477
58368,1.9477364883720933,0.3488372093023256
59392,2.0527511739130433,0.3695652173913043
60416,1.8991123863636366,0.3409090909090909
61440,1.5919184722222224,0.2777777777777778
62464,2.7801762653061224,0.5306122448979592
63488,1.1032377837837837,0.16216216216216217
64512,1.5446413513513517,0.2702702702702703
65536,2.10154725,0.38636363636363635
66560,1.6843502380952382,0.2857142857142857
67584,1.4941675882352943,0.2647058823529412
68608,1.4881966052631583,0.2631578947368421
69632,1.7269695581395352,0.3023255813953488
70656,1.8605498809523813,0.3333333333333333
71680,1.9187205454545455,0.3409090909090909
72704,1.7265033023255816,0.3023255813953488
73728,2.152507511627908,0.3953488372093023
74752,1.8301007435897434,0.3333333333333333
75776,1.6153517948717948,0.28205128205128205
76800,1.9368441304347825,0.34782608695652173
77824,1.9226160833333337,0.3333333333333333
78848,1.868865456521739,0.32608695652173914
79872,1.4423601219512199,0.24390243902439024
80896,2.31541482,0.42
81920,1.6085731904761909,0.2619047619047619
82944,1.9487050000000004,0.3488372093023256
83968,2.1816143125000003,0.3958333333333333
84992,1.7481050227272725,0.29545454545454547
86016,2.5381598775510206,0.46938775510204084
87040,1.9877672340425545,0.3617021276595745
88064,1.9931930487804883,0.36585365853658536
89088,1.6297816744186047,0.27906976744186046
90112,1.561178666666667,0.2619047619047619
91136,1.9861111304347827,0.34782608695652173
92160,1.5393081428571431,0.2619047619047619
93184,1.706506684210526,0.3157894736842105
94208,2.0291963695652178,0.3695652173913043
95232,2.3661340833333337,0.4375
96256,1.1842102564102563,0.1794871794871795
97280,1.8815557045454547,0.3409090909090909
98304,1.5624926250000004,0.275
99328,1.3683507368421055,0.23684210526315788
100352,2.0334713953488377,0.37209302325581395
101376,1.7819243488372094,0.3023255813953488
102400,1.743466825,0.3
103424,2.066153911111112,0.37777777777777777
104448,2.127911234042554,0.3829787234042553
105472,2.0483613863636365,0.36363636363636365
106496,1.7017560256410262,0.3076923076923077
107520,1.8826781250000004,0.35
108544,2.1768253488372094,0.3953488372093023
109568,1.7628366904761907,0.30952380952380953
110592,1.703139340909091,0.29545454545454547
111616,2.3556183043478267,0.43478260869565216
112640,1.8826259047619045,0.3333333333333333
113664,1.7727947954545462,0.3181818181818182
114688,1.8194120222222219,0.3111111111111111
115712,1.9878943043478272,0.34782608695652173
116736,1.6485485681818184,0.2727272727272727
117760,1.9748875000000006,0.34782608695652173
118784,2.025483818181818,0.36363636363636365
119808,2.015747720930233,0.37209302325581395
120832,2.073271177777778,0.37777777777777777
121856,1.643977581395349,0.27906976744186046
122880,2.044324159090909,0.36363636363636365
123904,1.147960942857143,0.2
124928,1.8701064418604656,0.32558139534883723
125952,2.136281386363637,0.38636363636363635
126976,2.0439345652173917,0.3695652173913043
128000,2.0688704444444452,0.37777777777777777
129024,1.8392935957446814,0.3191489361702128
130048,1.8237445454545453,0.3181818181818182
131072,1.5232228205128209,0.2564102564102564
132096,1.9070855000000002,0.3409090909090909
133120,1.6089683170731706,0.2682926829268293
134144,2.5185043913043486,0.4782608695652174
135168,2.175005818181819,0.4090909090909091
136192,2.6828453673469386,0.5102040816326531
137216,1.850980068181819,0.3181818181818182
138240,2.292293361702128,0.425531914893617
139264,2.1068865000000003,0.38636363636363635
140288,2.490903620000001,0.46
141312,1.6235871282051282,0.28205128205128205
142336,2.0051126222222226,0.35555555555555557
143360,2.077927695652173,0.3695652173913043
144384,2.720210188679244,0.5094339622641509
145408,1.9424795813953488,0.3488372093023256
146432,1.8439602790697676,0.32558139534883723
147456,2.083354911111112,0.37777777777777777
148480,2.025573541666667,0.3541666666666667
149504,2.6091087647058826,0.49019607843137253
150528,1.9638286000000003,0.35555555555555557
151552,1.9621368695652177,0.34782608695652173
152576,2.1205148723404252,0.3829787234042553
153600,2.1960286818181833,0.4090909090909091
154624,2.1359651914893623,0.3829787234042553
155648,2.3293480851063837,0.425531914893617
156672,2.467488434782608,0.45652173913043476
157696,2.4270829148936177,0.44680851063829785
158720,2.256644916666667,0.4166666666666667
159744,2.29291124489796,0.40816326530612246
160768,2.284093543478261,0.41304347826086957
161792,1.741273767441861,0.3023255813953488
162816,2.05225045652174,0.3695652173913043
163840,2.1698262244897957,0.3877551020408163
164864,1.7350648863636366,0.29545454545454547
165888,1.5778208095238098,0.2619047619047619
166912,1.5689703571428575,0.2619047619047619
167936,1.551897772727273,0.25
168960,2.0529311702127657,0.3617021276595745
169984,1.8882760434782606,0.32608695652173914
171008,2.0470448085106394,0.3617021276595745
172032,2.3919425208333336,0.4375
173056,1.9518167446808508,0.3404255319148936
174080,2.266423534883722,0.4186046511627907
175104,1.9210960909090913,0.3409090909090909
176128,1.9804938780487802,0.36585365853658536
177152,1.7794581860465117,0.3023255813953488
178176,2.3718141632653067,0.42857142857142855
179200,1.6476430000000004,0.28205128205128205
180224,2.1864874666666663,0.4
181248,1.6975309487179489,0.3076923076923077
182272,1.925272777777778,0.3333333333333333
183296,2.3119745833333343,0.4166666666666667
184320,2.500195765957448,0.46808510638297873
185344,2.6990515510204087,0.5102040816326531
186368,1.6112453076923081,0.28205128205128205
187392,2.9315938600000004,0.56
188416,2.3337835714285724,0.42857142857142855
189440,2.8510100599999997,0.54
190464,1.9816391739130435,0.34782608695652173
191488,2.277070400000001,0.4222222222222222
192512,2.0948749787234044,0.3617021276595745
193536,2.3228446382978727,0.425531914893617
194560,2.541636693877551,0.46938775510204084
195584,2.1031881521739137,0.3695652173913043
196608,2.472759312499999,0.4583333333333333
197632,2.0955268571428576,0.38095238095238093
198656,2.109370847826087,0.3695652173913043
199680,2.138484914893617,0.3829787234042553
200704,2.5155077446808516,0.46808510638297873
201728,2.2142014680851068,0.40425531914893614
202752,1.8834460232558146,0.32558139534883723
203776,2.7046349787234045,0.5106382978723404
204800,2.000615355555556,0.35555555555555557
205824,2.9104083461538446,0.5576923076923077
206848,2.6247055686274505,0.49019607843137253
207872,2.308488541666667,0.4166666666666667
208896,2.441514816326531,0.4489795918367347
209920,2.324557239130436,0.43478260869565216
210944,2.5657317083333333,0.4791666666666667
211968,2.6356039591836735,0.4897959183673469
212992,2.594547279999999,0.48
214016,2.4961155625000004,0.4583333333333333
215040,2.190016466666667,0.4
216064,2.817181918367348,0.5306122448979592
217088,2.321746477272728,0.4318181818181818
218112,2.710981897959185,0.5102040816326531
219136,2.215678755555556,0.4
220160,2.6614227708333336,0.5
221184,2.5735310400000007,0.48
222208,1.9455548181818179,0.3409090909090909
223232,2.8851292075471693,0.5471698113207547
224256,2.239332914893617,0.40425531914893614
225280,2.7598843962264157,0.5094339622641509
226304,2.5833484375,0.4791666666666667
227328,2.1799374782608703,0.391304347826087
228352,2.5283519387755105,0.46938775510204084
229376,2.4505523695652176,0.45652173913043476
230400,2.255093043478261,0.41304347826086957
231424,1.7090306097560979,0.2926829268292683
232448,2.0328147045454545,0.36363636363636365
233472,2.3731354130434785,0.43478260869565216
234496,2.5277408723404258,0.46808510638297873
235520,2.2408679545454544,0.4090909090909091
236544,2.6719089374999996,0.5
237568,2.852664692307693,0.5384615384615384
238592,2.359756652173914,0.43478260869565216
239616,2.562334434782609,0.4782608695652174
240640,2.048337181818182,0.36363636363636365
241664,2.13009925,0.38636363636363635
242688,2.2304342888888886,0.4
243712,2.2838352093023264,0.4186046511627907
244736,2.7982943137254894,0.5294117647058824
245760,1.6719189210526317,0.2894736842105263
246784,2.2274947500000013,0.3958333333333333
247808,2.7958168490566035,0.5283018867924528
248832,2.67432416,0.5
249856,2.3454603111111116,0.4222222222222222
250880,2.946433307692309,0.5576923076923077
251904,2.8777564,0.54
252928,2.407262249999999,0.4375
253952,2.302740565217392,0.41304347826086957
254976,2.6214862653061233,0.4897959183673469
256000,3.060181078431373,0.5882352941176471
257024,2.626330530612246,0.4897959183673469
258048,2.63861285106383,0.48936170212765956
259072,2.9896338627450985,0.5686274509803921
260096,2.3198216888888887,0.4222222222222222
261120,2.931942826923077,0.5576923076923077
262144,2.82959231372549,0.5294117647058824
263168,2.393294086956521,0.43478260869565216
264192,2.382657391304348,0.43478260869565216
265216,2.984197490196078,0.5686274509803921
266240,3.1324489636363646,0.6
267264,3.034212611111112,0.5740740740740741
268288,2.9540294615384606,0.5576923076923077
269312,2.779596403846154,0.5192307692307693
270336,3.1037290769230763,0.5961538461538461
271360,2.6309524680851064,0.48936170212765956
272384,2.8489197115384615,0.5384615384615384
273408,3.377926381818181,0.6545454545454545
274432,3.341374111111109,0.6481481481481481
275456,2.9482091923076914,0.5576923076923077
276480,2.8122163725490195,0.5294117647058824
277504,3.3106293090909067,0.6363636363636364
278528,2.3256388125,0.4166666666666667
279552,2.6457493265306122,0.4897959183673469
280576,2.7533131020408157,0.5102040816326531
281600,2.7950144807692303,0.5192307692307693
282624,2.4628492553191497,0.44680851063829785
283648,3.2691295714285706,0.625
284672,2.800242576923077,0.5192307692307693
285696,2.989110784313726,0.5686274509803921
286720,2.8715756000000003,0.54
287744,3.2630701785714282,0.625
288768,3.112494596153846,0.5961538461538461
289792,2.818548754716981,0.5283018867924528
290816,3.3759442909090898,0.6545454545454545
291840,3.1974482407407403,0.6111111111111112
292864,3.158634075471699,0.6037735849056604
293888,3.080012377358492,0.5849056603773585
294912,2.2470022222222226,0.4
295936,3.192132814814814,0.6111111111111112
296960,3.079499811320754,0.5849056603773585
297984,3.5018545357142843,0.6785714285714286
299008,3.2713502321428565,0.625
300032,2.557082979591837,0.46938775510204084
301056,3.0873249245283017,0.5849056603773585
302080,3.4238795357142826,0.6607142857142857
303104,2.573035163265306,0.46938775510204084
304128,3.375582105263156,0.6491228070175439
305152,2.8337312941176465,0.5294117647058824
306176,2.9284992075471696,0.5471698113207547
307200,3.085164603773586,0.5849056603773585
308224,2.448772468085107,0.44680851063829785
309248,2.7947879399999995,0.52
310272,3.005435490196079,0.5686274509803921
311296,2.875525115384616,0.5384615384615384
312320,2.87265178,0.54
313344,3.376174859649122,0.6491228070175439
314368,3.1946155892857138,0.6071428571428571
315392,3.4672957413793086,0.6724137931034483
316416,3.327461654545454,0.6363636363636364
317440,3.276652518518518,0.6296296296296297
318464,3.607692283333331,0.7
319488,3.173775396226414,0.6037735849056604
320512,3.3409133749999986,0.6428571428571429
321536,3.5836098983050833,0.6949152542372882
322560,3.172081679245284,0.6037735849056604
323584,3.6330412950819655,0.7049180327868853
324608,2.9697575384615384,0.5576923076923077
325632,2.92673043137255,0.5490196078431373
326656,3.321309763636362,0.6363636363636364
327680,3.652880576271185,0.711864406779661
328704,3.24463409090909,0.6181818181818182
329728,3.3144174181818165,0.6363636363636364
330752,3.3611478392857133,0.6428571428571429
331776,2.840438294117646,0.5294117647058824
332800,3.642369810344826,0.7068965517241379
333824,4.094498691176469,0.8088235294117647
334848,3.6278185344827563,0.7068965517241379
335872,3.58148922033898,0.6949152542372882
336896,3.4047739454545454,0.6545454545454545
337920,3.513792017857142,0.6785714285714286
338944,3.246350327272725,0.6181818181818182
339968,3.5383694736842095,0.6842105263157895
340992,3.511379357142856,0.6785714285714286
342016,3.2395125818181807,0.6181818181818182
343040,3.72678501612903,0.7258064516129032
344064,3.2789789464285706,0.625
345088,3.556876620689654,0.6896551724137931
346112,3.2146397777777764,0.6111111111111112
347136,3.7277703064516117,0.7258064516129032
348160,3.935631532258062,0.7741935483870968
349184,3.9387751774193536,0.7741935483870968
350208,4.003445454545454,0.7878787878787878
351232,3.5414186491228055,0.6842105263157895
352256,3.8871557301587276,0.7619047619047619
353280,3.813117158730157,0.746031746031746
354304,4.040981437499998,0.796875
355328,4.263730924242422,0.8484848484848485
356352,3.6830347833333326,0.7166666666666667
357376,3.798728741935481,0.7419354838709677
358400,3.5845335254237276,0.6949152542372882
359424,4.12506326153846,0.8153846153846154
360448,3.9066912499999975,0.765625
361472,3.818914539682537,0.746031746031746
362496,3.943419758064514,0.7741935483870968
363520,3.6113281999999978,0.7
364544,3.958321206349204,0.7777777777777778
365568,3.9369599032258042,0.7741935483870968
366592,3.335620431034482,0.6379310344827587
367616,4.388101652777774,0.875
368640,3.4422056440677946,0.6610169491525424
369664,3.6613222258064497,0.7096774193548387
370688,3.9891051230769214,0.7846153846153846
371712,4.37738322535211,0.8732394366197183
372736,4.0015021818181795,0.7878787878787878
373760,3.7029937868852425,0.7213114754098361
374784,3.6132971166666654,0.7
375808,4.137555696969697,0.8181818181818182
376832,4.137400848484847,0.8181818181818182
377856,4.239307565217388,0.8405797101449275
378880,3.8865776666666645,0.7619047619047619
379904,3.938955032258063,0.7741935483870968
380928,4.055776430769228,0.8
381952,3.9233076065573744,0.7704918032786885
382976,3.9884237076923053,0.7846153846153846
384000,3.817130813559322,0.7457627118644068
385024,3.542220666666665,0.6833333333333333
386048,4.381128211267604,0.8732394366197183
387072,4.199214651515151,0.8333333333333334
388096,3.908307968749998,0.765625
389120,3.9290635081967187,0.7704918032786885
390144,3.7417641694915247,0.7288135593220338
391168,3.779724229508194,0.7377049180327869
392192,3.7349787457627097,0.7288135593220338
393216,3.6410862786885225,0.7049180327868853
394240,4.252782171428568,0.8428571428571429
395264,4.072600742424239,0.803030303030303
396288,4.3130323714285685,0.8571428571428571
397312,4.101040661764703,0.8088235294117647
398336,4.070404439393938,0.803030303030303
399360,4.003559121212119,0.7878787878787878
400384,4.005652439393938,0.7878787878787878
401408,3.8519379999999983,0.7540983606557377
402432,4.149393179104474,0.8208955223880597
403456,4.0567187384615355,0.8
404480,4.192052153846152,0.8307692307692308
405504,4.071132045454544,0.803030303030303
406528,4.238389753623186,0.8405797101449275
407552,4.539704675324672,0.9090909090909091
408576,3.8574991147540976,0.7540983606557377
409600,4.159251367647055,0.8235294117647058
410624,3.9258104307692285,0.7692307692307693
411648,4.251254871428568,0.8428571428571429
412672,4.031703507936507,0.7936507936507936
413696,3.7808906065573757,0.7377049180327869
414720,3.840780984374999,0.75
415744,4.019938850746267,0.7910447761194029
416768,4.257939901408448,0.8450704225352113
417792,4.018724402985073,0.7910447761194029
418816,4.59066697333333,0.92
419840,4.238746492753621,0.8405797101449275
420864,4.225584749999997,0.8382352941176471
421888,4.165221044117643,0.8235294117647058
422912,4.226684749999997,0.8382352941176471
423936,4.152378746268653,0.8208955223880597
424960,4.238474463768114,0.8405797101449275
425984,4.241815507246375,0.8405797101449275
427008,4.605312320512817,0.9230769230769231
428032,4.444173535211264,0.8873239436619719
429056,4.513526666666665,0.9027777777777778
430080,4.086107910447758,0.8059701492537313
431104,4.466531959459457,0.8918918918918919
432128,4.532446719999997,0.9066666666666666
433152,4.367713999999997,0.8695652173913043
434176,4.1131552028985485,0.8115942028985508
435200,4.265817242424241,0.8484848484848485
436224,4.5899929599999965,0.92
437248,4.648554106666665,0.9333333333333333
438272,4.009725984848483,0.7878787878787878
439296,4.475704333333332,0.8933333333333333
440320,4.452669638888887,0.8888888888888888
441344,4.6434098783783755,0.9324324324324325
442368,4.595842447368419,0.9210526315789473
443392,4.651258421052628,0.9342105263157895
444416,4.594323355263154,0.9210526315789473
445440,4.128911369230767,0.8153846153846154
446464,4.246878071428569,0.8428571428571429
447488,4.073369590909088,0.803030303030303
448512,4.313098799999998,0.8571428571428571
449536,4.38552778873239,0.8732394366197183
450560,4.229277779411762,0.8382352941176471
451584,4.251009499999998,0.8428571428571429
452608,4.580564410958901,0.9178082191780822
453632,4.473743253333331,0.8933333333333333
454656,4.444898577464786,0.8873239436619719
455680,4.4785242368421025,0.8947368421052632
456704,4.524386567567565,0.9054054054054054
457728,4.22891245588235,0.8382352941176471
458752,4.446380774647884,0.8873239436619719
459776,4.376632228571426,0.8714285714285714
460800,4.464997594594591,0.8918918918918919
461824,4.5185707534246555,0.9041095890410958
462848,4.5890141733333305,0.92
463872,4.5876273199999975,0.92
464896,4.657792324675321,0.935064935064935
465920,4.584180027027025,0.918918918918919
466944,4.126664723076919,0.8153846153846154
467968,4.595445447368417,0.9210526315789473
468992,4.527026121621619,0.9054054054054054
470016,4.243591299999996,0.8428571428571429
471040,4.716986025641021,0.9487179487179487
472064,4.646616079999998,0.9333333333333333
473088,4.519580808219175,0.9041095890410958
474112,4.648833879999997,0.9333333333333333
475136,4.313797771428568,0.8571428571428571
476160,4.584818405405403,0.918918918918919
477184,4.6560646363636335,0.935064935064935
478208,4.201851727272726,0.8333333333333334
479232,4.464835824324319,0.8918918918918919
480256,4.245425799999996,0.8428571428571429
481280,3.9028564999999973,0.765625
482304,4.299305101449272,0.855072463768116
483328,3.975824515624998,0.78125
484352,4.314819257142854,0.8571428571428571
485376,4.644521270270268,0.9324324324324325
486400,4.363098217391303,0.8695652173913043
487424,4.453533680555553,0.8888888888888888
488448,4.642551972972971,0.9324324324324325
489472,4.047780421874997,0.796875
490496,4.4213997941176455,0.8823529411764706
491520,4.329341930555552,0.8611111111111112
492544,4.29262238235294,0.8529411764705882
493568,4.247637185714283,0.8428571428571429
494592,4.513516624999998,0.9027777777777778
495616,4.473116039999997,0.8933333333333333
496640,4.463095824324322,0.8918918918918919
497664,4.531198093333329,0.9066666666666666
498688,4.462199054794518,0.8904109589041096
499712,4.594695723684208,0.9210526315789473
500736,4.651560105263155,0.9342105263157895
501760,4.14144018181818,0.8181818181818182
502784,4.720598746835439,0.9493670886075949
503808,4.647970599999995,0.9333333333333333
504832,4.53396117333333,0.9066666666666666
505856,4.768758870129867,0.961038961038961
506880,4.579451890410955,0.9178082191780822
507904,4.585118662162159,0.918918918918919
508928,4.709525671052629,0.9473684210526315
509952,4.643835540540537,0.9324324324324325
510976,4.451600888888886,0.8888888888888888
512000,4.513903736111107,0.9027777777777778
513024,4.466374729729727,0.8918918918918919
514048,4.654212947368418,0.9342105263157895
515072,4.15166829850746,0.8208955223880597
516096,4.357012647058822,0.8676470588235294
517120,4.767101276315787,0.9605263157894737
518144,4.573914499999997,0.9166666666666666
519168,4.466103094594592,0.8918918918918919
520192,4.653763986842102,0.9342105263157895
521216,4.364805318840578,0.8695652173913043
522240,4.452284416666665,0.8888888888888888
523264,4.708072105263155,0.9473684210526315
524288,4.51947426027397,0.9041095890410958
525312,4.721296164556959,0.9493670886075949
526336,4.195730953846151,0.8307692307692308
527360,4.310530871428568,0.8571428571428571
528384,4.374561785714283,0.8714285714285714
529408,4.322153267605631,0.8591549295774648
530432,4.321097464788729,0.8591549295774648
531456,4.58231128378378,0.918918918918919
532480,4.527570135135132,0.9054054054054054
533504,4.513108916666664,0.9027777777777778
534528,4.4676864999999975,0.8918918918918919
535552,4.702844054054052,0.9459459459459459
536576,4.632335805555555,0.9305555555555556
537600,4.304436043478259,0.855072463768116
538624,4.3568236323529375,0.8676470588235294
539648,4.585479391891889,0.918918918918919
540672,4.693460833333331,0.9444444444444444
541696,4.512260708333332,0.9027777777777778
542720,4.511992930555552,0.9027777777777778
543744,4.715120128205125,0.9487179487179487
544768,4.600130337662334,0.922077922077922
545792,4.512417374999998,0.9027777777777778
546816,4.653389078947365,0.9342105263157895
547840,4.45876535616438,0.8904109589041096
548864,4.5844287027026995,0.918918918918919
549888,4.392170624999996,0.875
550912,4.512624055555552,0.9027777777777778
551936,4.1260175230769205,0.8153846153846154
552960,4.384050098591546,0.8732394366197183
553984,4.593516657894733,0.9210526315789473
555008,4.583679999999997,0.918918918918919
556032,4.2386340869565196,0.8405797101449275
557056,4.580983684931504,0.9178082191780822
558080,4.525366405405402,0.9054054054054054
559104,4.57881631506849,0.9178082191780822
560128,4.648939426666663,0.9333333333333333
561152,4.705526466666663,0.9466666666666667
562176,4.56794836619718,0.9154929577464789
563200,4.773629987179484,0.9615384615384616
564224,4.585883932432429,0.918918918918919
565248,4.074662287878786,0.803030303030303
566272,4.656279363636361,0.935064935064935
567296,4.710362052631576,0.9473684210526315
568320,4.776497455696199,0.9620253164556962
569344,4.578497999999996,0.9178082191780822
570368,4.519473890410956,0.9041095890410958
571392,4.437888942857139,0.8857142857142857
572416,4.250355957142854,0.8428571428571429
573440,4.713445428571426,0.948051948051948
574464,4.460273616438354,0.8904109589041096
575488,4.714880168831165,0.948051948051948
576512,4.242284173913041,0.8405797101449275
577536,4.519271465753422,0.9041095890410958
578560,4.722470177215185,0.9493670886075949
579584,4.652070605263155,0.9342105263157895
580608,4.452762416666664,0.8888888888888888
581632,4.773202756410253,0.9615384615384616
582656,4.529925226666664,0.9066666666666666
583680,4.7137341688311665,0.948051948051948
584704,4.45414022222222,0.8888888888888888
585728,4.828324397435895,0.9743589743589743
586752,4.571962069444442,0.9166666666666666
587776,4.37561774285714,0.8714285714285714
588800,4.772720461538459,0.9615384615384616
589824,4.454267111111109,0.8888888888888888
590848,4.713257792207789,0.948051948051948
591872,4.834905333333331,0.9753086419753086
592896,4.596799855263154,0.9210526315789473
593920,4.452528513888886,0.8888888888888888
594944,4.435664085714283,0.8857142857142857
595968,4.596075552631576,0.9210526315789473
596992,4.6630287179487135,0.9358974358974359
598016,4.717667923076919,0.9487179487179487
599040,4.653769407894734,0.9342105263157895
600064,4.596339394736839,0.9210526315789473
601088,4.717828807692304,0.9487179487179487
602112,4.400314863013696,0.8767123287671232
603136,4.716245115384612,0.9487179487179487
604160,4.716124384615381,0.9487179487179487
605184,4.514804874999997,0.9027777777777778
606208,4.595875907894732,0.9210526315789473
607232,4.52701028378378,0.9054054054054054
608256,4.835664691358022,0.9753086419753086
609280,4.657892090909087,0.935064935064935
610304,4.506677492957745,0.9014084507042254
611328,4.7208228227848075,0.9493670886075949
612352,4.648957799999997,0.9333333333333333
613376,4.64821997333333,0.9333333333333333
614400,4.833309937499997,0.975
615424,4.718031012820509,0.9487179487179487
616448,4.589220119999997,0.92
617472,4.771099999999997,0.961038961038961
618496,4.772964153846151,0.9615384615384616
619520,4.467650986486484,0.8918918918918919
620544,4.6478518133333315,0.9333333333333333
621568,4.446342971830984,0.8873239436619719
622592,4.3051105217391274,0.855072463768116
623616,4.721048721518983,0.9493670886075949
624640,4.648639573333331,0.9333333333333333
625664,4.591779266666663,0.92
626688,4.708282828947366,0.9473684210526315
627712,4.6430176081081065,0.9324324324324325
628736,4.53257561333333,0.9066666666666666
629760,4.832448487499997,0.975
630784,4.773365807692305,0.9615384615384616
631808,4.7138026493506455,0.948051948051948
632832,4.714086675324672,0.948051948051948
633856,4.520484068493148,0.9041095890410958
634880,4.7024901081081065,0.9459459459459459
635904,4.647801373333331,0.9333333333333333
636928,4.648565906666663,0.9333333333333333
637952,4.520282383561642,0.9041095890410958
638976,4.331351694444442,0.8611111111111112
640000,4.647501573333331,0.9333333333333333
641024,4.512797805555553,0.9027777777777778
642048,4.887048674999997,0.9875
643072,4.64910277333333,0.9333333333333333
644096,4.6437697027027,0.9324324324324325
645120,4.775352493670883,0.9620253164556962
646144,4.383952563380279,0.8732394366197183
647168,4.5797859589041074,0.9178082191780822
648192,4.445806690140842,0.8873239436619719
649216,4.777924374999996,0.9625
650240,4.366680999999997,0.8695652173913043
651264,4.706578879999998,0.9466666666666667
652288,4.532789706666663,0.9066666666666666
653312,4.596085499999997,0.9210526315789473
654336,4.643968986486485,0.9324324324324325
655360,4.520370369863008,0.9041095890410958
656384,4.579850383561642,0.9178082191780822
657408,4.8325358374999965,0.975
658432,4.654158210526313,0.9342105263157895
659456,4.657962714285712,0.935064935064935
660480,4.770731480519477,0.961038961038961
661504,4.383083704225349,0.8732394366197183
662528,4.658275831168828,0.935064935064935
663552,4.778002599999997,0.9625
664576,4.887139324999997,0.9875
665600,4.648245853333331,0.9333333333333333
666624,4.38514270422535,0.8732394366197183
667648,4.776339886075946,0.9620253164556962
668672,4.59088809333333,0.92
669696,4.8884450123456755,0.9876543209876543
670720,4.648437719999996,0.9333333333333333
671744,4.717201948717946,0.9487179487179487
672768,4.710397973684207,0.9473684210526315
673792,4.83459907407407,0.9753086419753086
674816,4.657186155844154,0.935064935064935
675840,4.666922924050628,0.9367088607594937
676864,4.648918199999997,0.9333333333333333
677888,4.6528733026315745,0.9342105263157895
678912,4.8326512874999965,0.975
679936,4.834420888888886,0.9753086419753086
680960,4.295444823529408,0.8529411764705882
681984,4.656287545454542,0.935064935064935
683008,4.831881549999997,0.975
684032,4.656285506493503,0.935064935064935
685056,4.37755027142857,0.8714285714285714
686080,4.657922337662335,0.935064935064935
687104,4.772810884615382,0.9615384615384616
688128,4.7089592368421025,0.9473684210526315
689152,4.649103039999997,0.9333333333333333
690176,4.77627527848101,0.9620253164556962
691200,4.771964064102562,0.9615384615384616
692224,4.7179736794871765,0.9487179487179487
693248,4.714562324675322,0.948051948051948
694272,4.713425701298698,0.948051948051948
695296,4.644067635135133,0.9324324324324325
696320,4.513539666666664,0.9027777777777778
697344,4.713556090909088,0.948051948051948
698368,4.649033866666662,0.9333333333333333
699392,4.829723177215187,0.9746835443037974
700416,4.707034679999998,0.9466666666666667
701440,4.709846736842103,0.9473684210526315
702464,4.64795109333333,0.9333333333333333
703488,4.358062941176468,0.8676470588235294
704512,4.828784756410253,0.9743589743589743
705536,4.714321584415581,0.948051948051948
706560,4.889733414634143,0.9878048780487805
707584,4.887593387499997,0.9875
708608,4.888089543209873,0.9876543209876543
709632,4.769561311688309,0.961038961038961
710656,4.89078540963855,0.9879518072289156
711680,4.710363960526314,0.9473684210526315
712704,4.828891576923074,0.9743589743589743
713728,4.719286189873414,0.9493670886075949
714752,4.941666666666664,1.0
715776,4.833033062499997,0.975
716800,4.454079222222219,0.8888888888888888
717824,4.773302320512817,0.9615384615384616
718848,4.8300997594936685,0.9746835443037974
719872,4.833041874999997,0.975
720896,4.571596611111108,0.9166666666666666
721920,4.633489999999998,0.9305555555555556
722944,4.7135975714285685,0.948051948051948
723968,4.649465279999997,0.9333333333333333
724992,4.834269839506169,0.9753086419753086
726016,4.6540191973684175,0.9342105263157895
727040,4.717685576923074,0.9487179487179487
728064,4.6386680410958885,0.9315068493150684
729088,4.830749911392402,0.9746835443037974
730112,4.830699556962022,0.9746835443037974
731136,4.830956202531642,0.9746835443037974
732160,4.889700073170728,0.9878048780487805
733184,4.776864481012654,0.9620253164556962
734208,4.781424604938269,0.9629629629629629
735232,4.888327629629626,0.9876543209876543
736256,4.653277473684208,0.9342105263157895
737280,4.8872631624999965,0.9875
738304,4.775273189873415,0.9620253164556962
739328,4.46801128378378,0.8918918918918919
740352,4.65397881578947,0.9342105263157895
741376,4.713786207792204,0.948051948051948
742400,4.833111469135798,0.9753086419753086
743424,4.652933486842102,0.9342105263157895
744448,4.829042615384613,0.9743589743589743
745472,4.705655599999997,0.9466666666666667
746496,4.580192602739724,0.9178082191780822
747520,4.584812635135132,0.918918918918919
748544,4.376435028571426,0.8714285714285714
749568,4.777082784810123,0.9620253164556962
750592,4.769912363636362,0.961038961038961
751616,4.580009452054791,0.9178082191780822
752640,4.777099674999996,0.9625
753664,4.714300272727271,0.948051948051948
754688,4.602159844155841,0.922077922077922
755712,4.714107688311687,0.948051948051948
756736,4.590998959999997,0.92
757760,4.632500486111109,0.9305555555555556
758784,4.832224712499998,0.975
759808,4.706054559999997,0.9466666666666667
760832,4.654159894736838,0.9342105263157895
761856,4.887502749999996,0.9875
762880,4.652676539473681,0.9342105263157895
763904,4.579704150684931,0.9178082191780822
764928,4.281752164179103,0.8507462686567164
765952,4.886682737499996,0.9875
766976,4.7667413026315755,0.9605263157894737
768000,4.644377445945944,0.9324324324324325
769024,4.7201959746835405,0.9493670886075949
770048,4.654284592105259,0.9342105263157895
771072,4.708897157894734,0.9473684210526315
772096,4.653154039473682,0.9342105263157895
773120,4.773605076923074,0.9615384615384616
774144,4.832487424999997,0.975
775168,4.585406770270269,0.918918918918919
776192,4.591007359999997,0.92
777216,4.773929230769227,0.9615384615384616
778240,4.648249706666664,0.9333333333333333
779264,4.499461614285711,0.9
780288,4.658247103896102,0.935064935064935
781312,4.767910302631576,0.9605263157894737
782336,4.578078068493149,0.9178082191780822
783360,4.772213166666664,0.9615384615384616
784384,4.65282186842105,0.9342105263157895
785408,4.7165429487179455,0.9487179487179487
786432,4.886459499999998,0.9875
787456,4.778520849999997,0.9625
788480,4.575380194444442,0.9166666666666666
789504,4.321786633802814,0.8591549295774648
790528,4.652564894736838,0.9342105263157895
791552,4.710710618421049,0.9473684210526315
792576,4.527293540540538,0.9054054054054054
793600,4.585171810810809,0.918918918918919
794624,4.450705638888886,0.8888888888888888
795648,4.637560932432429,0.9324324324324325
796672,4.628731138888888,0.9305555555555556
797696,4.716773743589741,0.9487179487179487
798720,4.641723337837836,0.9324324324324325
799744,4.460799794520544,0.8904109589041096
800768,4.7176045384615355,0.9487179487179487
801792,4.658066025974023,0.935064935064935
802816,4.941790123456788,1.0
803840,4.834781456790119,0.9753086419753086
804864,4.532203346666663,0.9066666666666666
805888,4.591486226666663,0.92
806912,4.4484086197183075,0.8873239436619719
807936,4.834263580246909,0.9753086419753086
808960,4.52755216216216,0.9054054054054054
809984,4.574894638888887,0.9166666666666666
811008,4.888398731707314,0.9878048780487805
812032,4.580385958904107,0.9178082191780822
813056,4.653039381578944,0.9342105263157895
814080,4.454121777777775,0.8888888888888888
815104,4.305342652173911,0.855072463768116
816128,4.832578987499996,0.975
817152,4.5847467027027005,0.918918918918919
818176,4.82748924358974,0.9743589743589743
819200,4.771346025974023,0.961038961038961
820224,4.653501092105261,0.9342105263157895
821248,4.778135837499997,0.9625
822272,4.7726881025641,0.9615384615384616
823296,4.720718987341769,0.9493670886075949
824320,4.591355133333332,0.92
825344,4.507940999999997,0.9014084507042254
826368,4.5844944864864825,0.918918918918919
827392,4.775778379746831,0.9620253164556962
828416,4.179334687499998,0.828125
829440,4.7762059113924025,0.9620253164556962
830464,4.7756907341772115,0.9620253164556962
831488,4.589944226666663,0.92
832512,4.654372802631576,0.9342105263157895
833536,4.272615430555554,0.8472222222222222
834560,4.658268818181815,0.935064935064935
835584,4.8332705624999965,0.975
836608,4.835045481481478,0.9753086419753086
837632,4.888433061728391,0.9876543209876543
838656,4.82861455128205,0.9743589743589743
839680,4.714316441558439,0.948051948051948
840704,4.886457024999997,0.9875
841728,4.776412822784806,0.9620253164556962
842752,4.88878958024691,0.9876543209876543
843776,4.720335493670882,0.9493670886075949
844800,4.76968136363636,0.961038961038961
845824,4.833579174999996,0.975
846848,4.773404051282048,0.9615384615384616
847872,4.777794099999996,0.9625
848896,4.768225815789472,0.9605263157894737
849920,4.375140599999997,0.8714285714285714
850944,4.711131118421051,0.9473684210526315
851968,4.728163999999997,0.9506172839506173
852992,4.831005873417719,0.9746835443037974
854016,4.653906973684208,0.9342105263157895
855040,4.596064447368418,0.9210526315789473
856064,4.833541724999997,0.975
857088,4.706408973333331,0.9466666666666667
858112,4.710253999999998,0.9473684210526315
859136,4.57977530136986,0.9178082191780822
860160,4.460127753424655,0.8904109589041096
861184,4.653646552631575,0.9342105263157895
862208,4.520691630136983,0.9041095890410958
863232,4.832922212499996,0.975
864256,4.889812329268289,0.9878048780487805
865280,4.717957461538457,0.9487179487179487
866304,4.776720734177212,0.9620253164556962
867328,4.65313214473684,0.9342105263157895
868352,4.721216481012655,0.9493670886075949
869376,4.887250949999997,0.9875
870400,4.712497519480515,0.948051948051948
871424,4.831048911392402,0.9746835443037974
872448,4.721689772151895,0.9493670886075949
873472,4.714175675324672,0.948051948051948
874496,4.831100329113921,0.9746835443037974
875520,4.58501801351351,0.918918918918919
876544,4.585439729729727,0.918918918918919
877568,4.3137242142857115,0.8571428571428571
878592,4.833074974999997,0.975
879616,4.657091402597399,0.935064935064935
880640,4.526709797297294,0.9054054054054054
881664,4.508380380281687,0.9014084507042254
882688,4.669299674999996,0.9375
883712,4.778163899999997,0.9625
884736,4.521358767123284,0.9041095890410958
885760,4.525359445945943,0.9054054054054054
886784,4.520229849315067,0.9041095890410958
887808,4.294067308823529,0.8529411764705882
888832,4.653209499999997,0.9342105263157895
889856,4.648936439999997,0.9333333333333333
890880,4.65779401298701,0.935064935064935
891904,4.770060831168828,0.961038961038961
892928,4.773865641025638,0.9615384615384616
893952,4.52712589189189,0.9054054054054054
894976,4.718166102564099,0.9487179487179487
896000,4.662487679487176,0.9358974358974359
897024,4.591118133333329,0.92
898048,4.718230230769227,0.9487179487179487
899072,4.5958237499999965,0.9210526315789473
900096,4.648421439999997,0.9333333333333333
901120,4.772631371794869,0.9615384615384616
902144,4.649042546666664,0.9333333333333333
903168,4.776580999999997,0.9620253164556962
904192,4.888593888888886,0.9876543209876543
905216,4.888121024691356,0.9876543209876543
906240,4.71768492307692,0.9487179487179487
907264,4.7150112597402565,0.948051948051948
908288,4.47549625333333,0.8933333333333333
909312,4.8351934320987615,0.9753086419753086
910336,4.832562324999997,0.975
911360,4.8875230249999975,0.9875
912384,4.8298322948717916,0.9743589743589743
913408,4.588982733333331,0.92
914432,4.769289961038959,0.961038961038961
915456,4.833084037499997,0.975
916480,4.835341049382713,0.9753086419753086
917504,4.595258999999996,0.9210526315789473
918528,4.656654467532464,0.935064935064935
919552,4.784628731707312,0.9634146341463414
920576,4.7737171538461505,0.9615384615384616
921600,4.461261753424655,0.8904109589041096
922624,4.77651856962025,0.9620253164556962
923648,4.828964230769229,0.9743589743589743
924672,4.7169911410256375,0.9487179487179487
925696,4.717571615384613,0.9487179487179487
926720,4.943674698795176,1.0
927744,4.717549230769227,0.9487179487179487
928768,4.888330876543206,0.9876543209876543
929792,4.721300037974681,0.9493670886075949
930816,4.656986467532464,0.935064935064935
931840,4.831149544303793,0.9746835443037974
932864,4.724585062499996,0.95
933888,4.9436144578313215,1.0
934912,4.476066266666662,0.8933333333333333
935936,4.72133621518987,0.9493670886075949
936960,4.65311359210526,0.9342105263157895
937984,4.717848807692305,0.9487179487179487
939008,4.943988095238091,1.0
940032,4.837142804878044,0.975609756097561
941056,4.644846405405403,0.9324324324324325
942080,4.778151024999996,0.9625
943104,4.884354730769228,0.9871794871794872
944128,4.833147287499997,0.975
945152,4.766355289473682,0.9605263157894737
946176,4.653325368421048,0.9342105263157895
947200,4.709700592105261,0.9473684210526315
948224,4.775972126582275,0.9620253164556962
949248,4.591420933333329,0.92
950272,4.717776884615382,0.9487179487179487
951296,4.834669617283947,0.9753086419753086
952320,4.64334047297297,0.9324324324324325
953344,4.779033249999996,0.9625
954368,4.829812884615381,0.9743589743589743
955392,4.6563572987012956,0.935064935064935
956416,4.776509531645567,0.9620253164556962
957440,4.647580479999997,0.9333333333333333
958464,4.832519624999995,0.975
959488,4.597079249999996,0.9210526315789473
960512,4.647857746666664,0.9333333333333333
961536,4.717408423076919,0.9487179487179487
962560,4.584418121621619,0.918918918918919
963584,4.770581571428568,0.961038961038961
964608,4.581121917808216,0.9178082191780822
965632,4.229161647058821,0.8382352941176471
966656,4.776545835443034,0.9620253164556962
967680,4.710420868421051,0.9473684210526315
968704,4.705945999999997,0.9466666666666667
969728,4.778617049999996,0.9625
970752,4.721238835443034,0.9493670886075949
971776,4.717692166666664,0.9487179487179487
972800,4.717299846153841,0.9487179487179487
973824,4.77054566233766,0.961038961038961
974848,4.837238963414631,0.975609756097561
975872,4.942682926829265,1.0
976896,4.47000197297297,0.8918918918918919
977920,4.779370262499997,0.9625
978944,4.720937645569617,0.9493670886075949
979968,4.718628307692305,0.9487179487179487
980992,4.7790700124999965,0.9625
982016,4.832232387499997,0.975
983040,4.835379061728392,0.9753086419753086
984064,4.713866259740255,0.948051948051948
985088,4.887278949999997,0.9875
986112,4.9426829268292645,1.0
987136,4.710597526315786,0.9473684210526315
988160,4.775964177215187,0.9620253164556962
989184,4.7733208589743565,0.9615384615384616
990208,4.9428915662650565,1.0
991232,4.514577791666664,0.9027777777777778
992256,4.70748639473684,0.9473684210526315
993280,4.770202519480517,0.961038961038961
994304,4.643725567567564,0.9324324324324325
995328,4.2939559558823515,0.8529411764705882
996352,4.776515278481009,0.9620253164556962
997376,4.775094113924047,0.9620253164556962
998400,4.773366641025638,0.9615384615384616
999424,4.648108586666664,0.9333333333333333
1000448,4.706470146666664,0.9466666666666667
