steps,task,ep_rew_mean,success
752048,basketball,0.7182187391304349,0.0
752048,driving,2.2725673124999997,1.0
752048,aiming,0.6154505833333334,0.5833333333333334
754096,basketball,0.7903734444444445,0.0
754096,driving,2.282144,1.0
754096,aiming,0.6392876785714287,0.6071428571428571
756144,basketball,0.7926859199999999,0.0
756144,driving,2.3991078064516125,1.0
756144,aiming,0.5766431923076926,0.5384615384615384
758192,basketball,0.84441264,0.0
758192,driving,2.4328301944444446,1.0
758192,aiming,0.6106816842105264,0.5789473684210527
760240,basketball,0.756709888888889,0.0
760240,driving,2.2296566206896555,1.0
760240,aiming,0.7338334285714287,0.7142857142857143
762288,basketball,0.7937352399999998,0.0
762288,driving,2.2443938437499997,1.0
762288,aiming,0.5613421481481483,0.5185185185185185
764336,basketball,0.7910323437499999,0.0
764336,driving,2.3684638333333328,1.0
764336,aiming,0.4266007037037038,0.37037037037037035
766384,basketball,0.8330882083333336,0.0
766384,driving,2.2972445588235293,1.0
766384,aiming,0.7018154642857145,0.6785714285714286
768432,basketball,0.787525657142857,0.0
768432,driving,2.26686575,1.0
768432,aiming,0.6664151666666667,0.6388888888888888
770480,basketball,0.801599076923077,0.0
770480,driving,2.3833049230769228,1.0
770480,aiming,0.5243396774193549,0.4838709677419355
772528,basketball,0.7769352499999996,0.0
772528,driving,2.240511551724138,1.0
772528,aiming,0.65464053125,0.625
774576,basketball,0.7618418275862069,0.0
774576,driving,2.3748826206896556,1.0
774576,aiming,0.7477432692307692,0.7307692307692307
776624,basketball,0.7381967419354838,0.0
776624,driving,2.325933592592592,1.0
776624,aiming,0.642814076923077,0.6153846153846154
778672,basketball,0.7986073999999997,0.0
778672,driving,2.311377516129032,1.0
778672,aiming,0.7048426000000002,0.68
780720,basketball,0.7798707037037036,0.0
780720,driving,2.1794094545454548,1.0
780720,aiming,0.5165329333333335,0.4666666666666667
782768,basketball,0.8135138888888886,0.0
782768,driving,2.233983307692308,1.0
782768,aiming,0.7364381875,0.71875
784816,basketball,0.7543956071428572,0.0
784816,driving,2.44115352,1.0
784816,aiming,0.593280851851852,0.5555555555555556
786864,basketball,0.7664400416666667,0.0
786864,driving,2.3210014285714284,1.0
786864,aiming,0.6489058620689656,0.6206896551724138
788912,basketball,0.7533127142857142,0.0
788912,driving,2.256176758620689,1.0
788912,aiming,0.5631750869565216,0.5217391304347826
790960,basketball,0.8476107894736842,0.0
790960,driving,2.257134787878788,1.0
790960,aiming,0.5414542692307692,0.5
793008,basketball,0.7992569062499998,0.0
793008,driving,2.1979317692307694,1.0
793008,aiming,0.7170581500000001,0.7
795056,basketball,0.8094278064516127,0.0
795056,driving,2.351086185185186,1.0
795056,aiming,0.60442775,0.5714285714285714
797104,basketball,0.8246160606060604,0.0
797104,driving,2.251656535714286,1.0
797104,aiming,0.6580755925925929,0.6296296296296297
799152,basketball,0.7863912222222225,0.0
799152,driving,2.3853526000000005,1.0
799152,aiming,0.40959085,0.35
801200,basketball,0.8346602499999997,0.0
801200,driving,2.2583361290322577,1.0
801200,aiming,0.7384244400000002,0.72
803248,basketball,0.78858872,0.0
803248,driving,2.2059138275862065,1.0
803248,aiming,0.4920137037037037,0.4444444444444444
805296,basketball,0.7982344999999997,0.0
805296,driving,2.2783683333333333,1.0
805296,aiming,0.6747880810810812,0.6486486486486487
807344,basketball,0.8423715161290323,0.0
807344,driving,2.2713342058823525,1.0
807344,aiming,0.7040101600000003,0.68
809392,basketball,0.7697547500000002,0.0
809392,driving,2.313478857142857,1.0
809392,aiming,0.6346775714285716,0.6071428571428571
811440,basketball,0.7996824999999997,0.0
811440,driving,2.3438947352941177,1.0
811440,aiming,0.73929068,0.72
813488,basketball,0.848936304347826,0.0
813488,driving,2.2901514166666668,1.0
813488,aiming,0.5508277441860464,0.5116279069767442
815536,basketball,0.8100460357142856,0.0
815536,driving,2.304947892857143,1.0
815536,aiming,0.6575016666666668,0.625
817584,basketball,0.8185214642857142,0.0
817584,driving,2.2444238571428574,1.0
817584,aiming,0.5442086538461539,0.5
819632,basketball,0.7989504666666666,0.0
819632,driving,2.2840182068965516,1.0
819632,aiming,0.574409576923077,0.5384615384615384
821680,basketball,0.8354981290322577,0.0
821680,driving,2.3704767333333336,1.0
821680,aiming,0.6545993333333335,0.625
823728,basketball,0.7607628695652174,0.0
823728,driving,2.26610625,1.0
823728,aiming,0.6922837500000002,0.6666666666666666
825776,basketball,0.7487330833333332,0.0
825776,driving,2.3564768148148145,1.0
825776,aiming,0.59748424,0.56
827824,basketball,0.8401079999999999,0.0
827824,driving,2.3966493870967747,1.0
827824,aiming,0.7655357916666667,0.75
829872,basketball,0.8530595,0.0
829872,driving,2.1639810416666667,1.0
829872,aiming,0.7424341666666665,0.7222222222222222
831920,basketball,0.8856473333333332,0.0
831920,driving,2.3522332307692313,1.0
831920,aiming,0.6102953636363637,0.5757575757575758
833968,basketball,0.8525151923076921,0.0
833968,driving,2.2198805,1.0
833968,aiming,0.7295406250000003,0.7083333333333334
836016,basketball,0.8428327499999999,0.0
836016,driving,2.282927423076923,1.0
836016,aiming,0.6163948275862069,0.5862068965517241
838064,basketball,0.8387444545454545,0.0
838064,driving,2.361906387096774,1.0
838064,aiming,0.7008548235294119,0.6764705882352942
840112,basketball,0.74344148,0.0
840112,driving,2.3658995925925925,1.0
840112,aiming,0.5917632222222222,0.5555555555555556
842160,basketball,0.8025823333333331,0.0
842160,driving,2.280902727272727,1.0
842160,aiming,0.7469595384615387,0.7307692307692307
844208,basketball,0.8386839444444445,0.0
844208,driving,2.502603114285715,1.0
844208,aiming,0.6780122692307694,0.6538461538461539
846256,basketball,0.8449137857142855,0.0
846256,driving,2.369162758620689,1.0
846256,aiming,0.5558832758620692,0.5172413793103449
848304,basketball,0.864166,0.0
848304,driving,2.3678778518518517,1.0
848304,aiming,0.569934705882353,0.5294117647058824
850352,basketball,0.7664950357142856,0.0
850352,driving,2.3805500740740744,1.0
850352,aiming,0.4664784166666667,0.4166666666666667
852400,basketball,0.8228696842105263,0.0
852400,driving,2.368605727272727,1.0
852400,aiming,0.6024112333333334,0.5666666666666667
854448,basketball,0.8267187428571425,0.0
854448,driving,2.384153821428572,1.0
854448,aiming,0.6994058400000002,0.68
856496,basketball,0.7776438518518517,0.0
856496,driving,2.307099923076923,1.0
856496,aiming,0.6029257333333334,0.5666666666666667
858544,basketball,0.8274568181818179,0.0
858544,driving,2.2329341538461542,1.0
858544,aiming,0.5589738387096774,0.5161290322580645
860592,basketball,0.8012452083333331,0.0
860592,driving,2.3245365517241376,1.0
860592,aiming,0.5275465925925927,0.48148148148148145
862640,basketball,0.782408806451613,0.0
862640,driving,2.2017557307692313,1.0
862640,aiming,0.5976821250000001,0.5625
864688,basketball,0.792434304347826,0.0
864688,driving,2.2664583200000004,1.0
864688,aiming,0.624951108108108,0.5945945945945946
866736,basketball,0.8378943333333333,0.0
866736,driving,2.249893117647059,1.0
866736,aiming,0.5901869629629631,0.5555555555555556
868784,basketball,0.7684390967741936,0.0
868784,driving,2.279162,1.0
868784,aiming,0.5769293461538463,0.5384615384615384
870832,basketball,0.8456005555555557,0.0
870832,driving,2.3528105999999998,1.0
870832,aiming,0.6428238387096777,0.6129032258064516
872880,basketball,0.8271458999999997,0.0
872880,driving,2.408581965517241,1.0
872880,aiming,0.6531189583333336,0.625
874928,basketball,0.7313613333333333,0.0
874928,driving,2.240321230769231,1.0
874928,aiming,0.5535857142857143,0.5142857142857142
876976,basketball,0.870862027027027,0.0
876976,driving,2.27470327586207,1.0
876976,aiming,0.7398514137931036,0.7241379310344828
879024,basketball,0.8461320967741934,0.0
879024,driving,2.285009037037037,1.0
879024,aiming,0.6221942647058823,0.5882352941176471
881072,basketball,0.8478575161290322,0.0
881072,driving,2.2492861,1.0
881072,aiming,0.6086843214285717,0.5714285714285714
883120,basketball,0.8341308749999999,0.0
883120,driving,2.358663222222222,1.0
883120,aiming,0.6629554242424245,0.6363636363636364
885168,basketball,0.8408197391304347,0.0
885168,driving,2.3598373030303033,1.0
885168,aiming,0.7595528709677419,0.7419354838709677
887216,basketball,0.8084817083333333,0.0
887216,driving,2.307137531250001,1.0
887216,aiming,0.7017036785714283,0.6785714285714286
889264,basketball,0.8249169999999997,0.0
889264,driving,2.3525219259259265,1.0
889264,aiming,0.6887826250000001,0.6666666666666666
891312,basketball,0.8066317142857143,0.0
891312,driving,2.3907462222222224,1.0
891312,aiming,0.5269073548387098,0.4838709677419355
893360,basketball,0.8382213928571426,0.0
893360,driving,2.3173876,1.0
893360,aiming,0.5163593611111111,0.4722222222222222
895408,basketball,0.7983179259259259,0.0
895408,driving,2.2922597,1.0
895408,aiming,0.588812931034483,0.5517241379310345
897456,basketball,0.817124,0.0
897456,driving,2.219946111111111,1.0
897456,aiming,0.6496170270270272,0.6216216216216216
899504,basketball,0.8302554285714284,0.0
899504,driving,2.318236294117647,1.0
899504,aiming,0.6816240000000002,0.6551724137931034
901552,basketball,0.8281518529411764,0.0
901552,driving,2.3532700399999995,1.0
901552,aiming,0.49492631034482776,0.4482758620689655
903600,basketball,0.8268778611111107,0.0
903600,driving,2.339262827586207,1.0
903600,aiming,0.6086957619047619,0.5714285714285714
905648,basketball,0.8102659599999998,0.0
905648,driving,2.3126359285714284,1.0
905648,aiming,0.584592870967742,0.5483870967741935
907696,basketball,0.8419365199999999,0.0
907696,driving,2.3073440000000005,1.0
907696,aiming,0.6401794347826087,0.6086956521739131
909744,basketball,0.7841569310344826,0.0
909744,driving,2.306025379310345,1.0
909744,aiming,0.626089888888889,0.5925925925925926
911792,basketball,0.7980485217391302,0.0
911792,driving,2.2871745483870973,1.0
911792,aiming,0.5583926551724139,0.5172413793103449
913840,basketball,0.8017501052631578,0.0
913840,driving,2.1668925714285714,1.0
913840,aiming,0.5962411200000002,0.56
915888,basketball,0.8356732499999999,0.0
915888,driving,2.20628632,1.0
915888,aiming,0.5317742857142858,0.4857142857142857
917936,basketball,0.8675952571428571,0.0
917936,driving,2.2663680434782605,1.0
917936,aiming,0.5552910000000001,0.5142857142857142
919984,basketball,0.8277320399999998,0.0
919984,driving,2.329607681818182,1.0
919984,aiming,0.5518761627906978,0.5116279069767442
922032,basketball,0.8489927999999999,0.0
922032,driving,2.322735571428571,1.0
922032,aiming,0.59848616,0.56
924080,basketball,0.7891036,0.0
924080,driving,2.320434913043478,1.0
924080,aiming,0.5798270857142859,0.5428571428571428
926128,basketball,0.7831057878787877,0.0
926128,driving,2.3376171999999995,1.0
926128,aiming,0.6397938571428572,0.6071428571428571
928176,basketball,0.8195839310344829,0.0
928176,driving,2.419860172413793,1.0
928176,aiming,0.6897764074074074,0.6666666666666666
930224,basketball,0.84538925,0.0
930224,driving,2.3499309130434782,1.0
930224,aiming,0.6136206842105265,0.5789473684210527
932272,basketball,0.8485784242424241,0.0
932272,driving,2.2092302000000004,1.0
932272,aiming,0.653029875,0.625
934320,basketball,0.8224721428571427,0.0
934320,driving,2.277210793103448,1.0
934320,aiming,0.5407265333333334,0.5
936368,basketball,0.8809402083333331,0.0
936368,driving,2.30363396875,1.0
936368,aiming,0.5435315000000002,0.5
938416,basketball,0.8527312999999999,0.0
938416,driving,2.2481940714285717,1.0
938416,aiming,0.6103965454545456,0.5757575757575758
940464,basketball,0.8573254,0.0
940464,driving,2.315402296296297,1.0
940464,aiming,0.51436228125,0.46875
942512,basketball,0.8331810384615381,0.0
942512,driving,2.2555359354838713,1.0
942512,aiming,0.6442684838709679,0.6129032258064516
944560,basketball,0.8008998799999998,0.0
944560,driving,2.212950648648648,1.0
944560,aiming,0.5908075555555558,0.5555555555555556
946608,basketball,0.8332356470588236,0.0
946608,driving,2.287172461538461,1.0
946608,aiming,0.6726007352941179,0.6470588235294118
948656,basketball,0.8720404242424239,0.0
948656,driving,2.2658392000000007,1.0
948656,aiming,0.71088765625,0.6875
950704,basketball,0.8447537407407408,0.0
950704,driving,2.308875857142857,1.0
950704,aiming,0.5983537187500001,0.5625
952752,basketball,0.8340178648648647,0.0
952752,driving,2.314694428571429,1.0
952752,aiming,0.6654795454545456,0.6363636363636364
954800,basketball,0.8779454347826084,0.0
954800,driving,2.403209625,1.0
954800,aiming,0.45334628000000005,0.4
956848,basketball,0.7798709565217391,0.0
956848,driving,2.3438581923076924,1.0
956848,aiming,0.4693762580645163,0.41935483870967744
958896,basketball,0.8196406999999999,0.0
958896,driving,2.336337851851852,1.0
958896,aiming,0.6740369500000002,0.65
960944,basketball,0.7857630303030303,0.0
960944,driving,2.2550051724137927,1.0
960944,aiming,0.5414734545454546,0.5
962992,basketball,0.8299305454545454,0.0
962992,driving,2.3044780714285715,1.0
962992,aiming,0.4563399600000001,0.4
965040,basketball,0.7945289999999998,0.0
965040,driving,2.3381289000000005,1.0
965040,aiming,0.5947430370370371,0.5555555555555556
967088,basketball,0.8588627931034483,0.0
967088,driving,2.3005295666666665,1.0
967088,aiming,0.5215098148148148,0.48148148148148145
969136,basketball,0.8469295806451611,0.0
969136,driving,2.2220871428571427,1.0
969136,aiming,0.48010739285714293,0.42857142857142855
971184,basketball,0.8803967333333332,0.0
971184,driving,2.2956435925925933,1.0
971184,aiming,0.5171500000000001,0.4722222222222222
973232,basketball,0.8812700487804876,0.0
973232,driving,2.2432262083333336,1.0
973232,aiming,0.5124755000000002,0.4666666666666667
975280,basketball,0.8148605806451612,0.0
975280,driving,2.3336652307692307,1.0
975280,aiming,0.5413495333333335,0.5
977328,basketball,0.8586638518518517,0.0
977328,driving,2.292677533333333,1.0
977328,aiming,0.6001895000000002,0.5666666666666667
979376,basketball,0.793125260869565,0.0
979376,driving,2.3575372499999996,1.0
979376,aiming,0.53764705,0.5
981424,basketball,0.795273388888889,0.0
981424,driving,2.2637333870967744,1.0
981424,aiming,0.6076740606060606,0.5757575757575758
983472,basketball,0.8101542941176471,0.0
983472,driving,2.2828083125000003,1.0
983472,aiming,0.6925784761904764,0.6666666666666666
985520,basketball,0.8938032272727273,0.0
985520,driving,2.434149214285714,1.0
985520,aiming,0.6693863846153848,0.6410256410256411
987568,basketball,0.8429472926829267,0.0
987568,driving,2.2784346296296296,1.0
987568,aiming,0.7585985185185187,0.7407407407407407
989616,basketball,0.8192953928571426,0.0
989616,driving,2.2255307307692305,1.0
989616,aiming,0.5685294375000001,0.53125
991664,basketball,0.8809939374999998,0.0
991664,driving,2.3649057407407406,1.0
991664,aiming,0.6889310909090911,0.6666666666666666
993712,basketball,0.8373501999999999,0.0
993712,driving,2.242890625,1.0
993712,aiming,0.6708402142857145,0.6428571428571429
995760,basketball,0.8598310454545451,0.0
995760,driving,2.191671833333333,1.0
995760,aiming,0.5769638750000001,0.5416666666666666
997808,basketball,0.8329927142857142,0.0
997808,driving,2.322437925925926,1.0
997808,aiming,0.749377756756757,0.7297297297297297
999856,basketball,0.8291499374999995,0.0
999856,driving,2.3505337777777777,1.0
999856,aiming,0.6640991515151515,0.6363636363636364
1001904,basketball,0.7743090454545455,0.0
1001904,driving,2.27441046875,1.0
1001904,aiming,0.6208644482758621,0.5862068965517241
1003952,basketball,0.8379450689655172,0.0
1003952,driving,2.3239461333333336,1.0
1003952,aiming,0.7300092580645163,0.7096774193548387
1006000,basketball,0.8478040869565217,0.0
1006000,driving,2.301617823529411,1.0
1006000,aiming,0.5582250370370372,0.5185185185185185
1008048,basketball,0.8244498124999998,0.0
1008048,driving,2.256513965517242,1.0
1008048,aiming,0.59438524,0.56
1010096,basketball,0.8595824782608694,0.0
1010096,driving,2.31034884375,1.0
1010096,aiming,0.69163696969697,0.6666666666666666
1012144,basketball,0.8537305609756094,0.0
1012144,driving,2.2774732,1.0
1012144,aiming,0.5901195172413793,0.5517241379310345
1014192,basketball,0.8339884193548386,0.0
1014192,driving,2.263419153846154,1.0
1014192,aiming,0.6215225588235295,0.5882352941176471
1016240,basketball,0.8373644090909091,0.0
1016240,driving,2.2511111212121215,1.0
1016240,aiming,0.46810933333333343,0.4166666666666667
1018288,basketball,0.8547086774193547,0.0
1018288,driving,2.253787733333333,1.0
1018288,aiming,0.6102738461538462,0.5769230769230769
1020336,basketball,0.859199114285714,0.0
1020336,driving,2.3720977037037043,1.0
1020336,aiming,0.6820091562500004,0.65625
1022384,basketball,0.8463160294117646,0.0
1022384,driving,2.280102653846153,1.0
1022384,aiming,0.6588894000000001,0.6285714285714286
1024432,basketball,0.8574993333333332,0.0
1024432,driving,2.26422764,1.0
1024432,aiming,0.6541947,0.625
1026480,basketball,0.8390475454545453,0.0
1026480,driving,2.285926214285715,1.0
1026480,aiming,0.6469125862068968,0.6206896551724138
1028528,basketball,0.8978764999999999,0.0
1028528,driving,2.3284255000000003,1.0
1028528,aiming,0.649207379310345,0.6206896551724138
1030576,basketball,0.9205825312499999,0.0
1030576,driving,2.199251392857143,1.0
1030576,aiming,0.5677304411764706,0.5294117647058824
1032624,basketball,0.8774882758620689,0.0
1032624,driving,2.2792583124999997,1.0
1032624,aiming,0.6475308965517244,0.6206896551724138
1034672,basketball,0.8733885675675676,0.0
1034672,driving,2.1652945384615387,1.0
1034672,aiming,0.559370090909091,0.5151515151515151
1036720,basketball,0.9013743428571429,0.0
1036720,driving,2.311958695652174,1.0
1036720,aiming,0.5890904210526319,0.5526315789473685
1038768,basketball,0.8893394999999997,0.0
1038768,driving,2.2817808620689655,1.0
1038768,aiming,0.7014895806451614,0.6774193548387096
1040816,basketball,0.8953894333333332,0.0
1040816,driving,2.193591896551724,1.0
1040816,aiming,0.6993583235294119,0.6764705882352942
1042864,basketball,0.9116806086956523,0.0
1042864,driving,2.233152142857143,1.0
1042864,aiming,0.5666385499999999,0.525
1044912,basketball,0.8520573076923076,0.0
1044912,driving,2.2373430625,1.0
1044912,aiming,0.7423249444444445,0.7222222222222222
1046960,basketball,0.8079718750000001,0.0
1046960,driving,2.3416178000000003,1.0
1046960,aiming,0.6298753,0.6
1049008,basketball,0.8180007407407408,0.0
1049008,driving,2.3586309354838715,1.0
1049008,aiming,0.7258838148148149,0.7037037037037037
1051056,basketball,0.862040607142857,0.0
1051056,driving,2.2937971666666668,1.0
1051056,aiming,0.5901475925925928,0.5555555555555556
1053104,basketball,0.7810214285714283,0.0
1053104,driving,2.3271035,1.0
1053104,aiming,0.7009802000000002,0.68
1055152,basketball,0.8895699285714284,0.0
1055152,driving,2.2780739473684215,1.0
1055152,aiming,0.7340991428571431,0.7142857142857143
1057200,basketball,0.849624,0.0
1057200,driving,2.3499226896551724,1.0
1057200,aiming,0.6249442500000001,0.59375
1059248,basketball,0.8539267142857139,0.0
1059248,driving,2.289218181818182,1.0
1059248,aiming,0.5983294782608698,0.5652173913043478
1061296,basketball,0.8009894827586208,0.0
1061296,driving,2.3395610000000007,1.0
1061296,aiming,0.6673114285714286,0.6428571428571429
1063344,basketball,0.7912419199999999,0.0
1063344,driving,2.3779814285714282,1.0
1063344,aiming,0.6884905000000001,0.6666666666666666
1065392,basketball,0.8650674137931034,0.0
1065392,driving,2.331466129032258,1.0
1065392,aiming,0.7570221935483873,0.7419354838709677
1067440,basketball,0.8629099047619045,0.0
1067440,driving,2.2695857,1.0
1067440,aiming,0.6280895945945948,0.5945945945945946
1069488,basketball,0.8543811333333333,0.0
1069488,driving,2.36280153125,1.0
1069488,aiming,0.5748177916666669,0.5416666666666666
1071536,basketball,0.8356296785714282,0.0
1071536,driving,2.3380333793103443,1.0
1071536,aiming,0.6629429393939396,0.6363636363636364
1073584,basketball,0.8308647666666668,0.0
1073584,driving,2.411171580645161,1.0
1073584,aiming,0.654653875,0.625
1075632,basketball,0.8943420833333335,0.0
1075632,driving,2.272960212121212,1.0
1075632,aiming,0.6796878571428574,0.6571428571428571
1077680,basketball,0.8812271764705878,0.0
1077680,driving,2.2308016250000002,1.0
1077680,aiming,0.5786498857142859,0.5428571428571428
1079728,basketball,0.8738183684210524,0.0
1079728,driving,2.2743105555555556,1.0
1079728,aiming,0.7439554242424241,0.7272727272727273
1081776,basketball,0.8780425609756097,0.0
1081776,driving,2.267738481481481,1.0
1081776,aiming,0.7589341290322582,0.7419354838709677
1083824,basketball,0.8614004864864865,0.0
1083824,driving,2.2274620625000003,1.0
1083824,aiming,0.5449357222222223,0.5
1085872,basketball,0.8524991249999999,0.0
1085872,driving,2.3068511923076924,1.0
1085872,aiming,0.6803338571428572,0.6571428571428571
1087920,basketball,0.8709590625,0.0
1087920,driving,2.3532542592592596,1.0
1087920,aiming,0.6508140937500001,0.625
1089968,basketball,0.8636809,0.0
1089968,driving,2.2975180555555554,1.0
1089968,aiming,0.6415676923076924,0.6153846153846154
1092016,basketball,0.8209299615384615,0.0
1092016,driving,2.3035791666666667,1.0
1092016,aiming,0.7079742187500001,0.6875
1094064,basketball,0.8583822666666666,0.0
1094064,driving,2.2602911612903225,1.0
1094064,aiming,0.7100110000000001,0.6857142857142857
1096112,basketball,0.8954850000000001,0.0
1096112,driving,2.296957310344827,1.0
1096112,aiming,0.6181709512195123,0.5853658536585366
1098160,basketball,0.8701851923076924,0.0
1098160,driving,2.2866963125,1.0
1098160,aiming,0.771922575757576,0.7575757575757576
1100208,basketball,0.889618342105263,0.0
1100208,driving,2.190506192307692,1.0
1100208,aiming,0.6205407941176471,0.5882352941176471
1102256,basketball,0.9001667777777776,0.0
1102256,driving,2.3409661764705887,1.0
1102256,aiming,0.6055287142857144,0.5714285714285714
1104304,basketball,0.867246658536585,0.0
1104304,driving,2.2211628518518514,1.0
1104304,aiming,0.7563634193548389,0.7419354838709677
1106352,basketball,0.8361151071428571,0.0
1106352,driving,2.305886242424243,1.0
1106352,aiming,0.755941666666667,0.7407407407407407
1108400,basketball,0.8125577407407406,0.0
1108400,driving,2.3022013571428572,1.0
1108400,aiming,0.6643332727272729,0.6363636363636364
1110448,basketball,0.8312112413793101,0.0
1110448,driving,2.103380714285714,1.0
1110448,aiming,0.7981567272727274,0.7878787878787878
1112496,basketball,0.8810856666666665,0.0
1112496,driving,2.3334171714285716,1.0
1112496,aiming,0.7098998965517241,0.6896551724137931
1114544,basketball,0.8562374571428569,0.0
1114544,driving,2.3276687586206894,1.0
1114544,aiming,0.7016292258064517,0.6774193548387096
1116592,basketball,0.833892470588235,0.0
1116592,driving,2.3507889310344825,1.0
1116592,aiming,0.8622458928571431,0.8571428571428571
1118640,basketball,0.8732695897435897,0.0
1118640,driving,2.2817839062499994,1.0
1118640,aiming,0.7747892857142857,0.7619047619047619
1120688,basketball,0.8744603783783781,0.0
1120688,driving,2.329920111111111,1.0
1120688,aiming,0.7562683703703705,0.7407407407407407
1122736,basketball,0.8746559999999998,0.0
1122736,driving,2.317523719999999,1.0
1122736,aiming,0.5058195405405405,0.4594594594594595
1124784,basketball,0.8388162413793103,0.0
1124784,driving,2.2190084000000003,1.0
1124784,aiming,0.6925447037037038,0.6666666666666666
1126832,basketball,0.8481501842105259,0.0
1126832,driving,2.297547333333333,1.0
1126832,aiming,0.6402450000000001,0.6071428571428571
1128880,basketball,0.8889264857142853,0.0
1128880,driving,2.288489387096775,1.0
1128880,aiming,0.6269355185185188,0.5925925925925926
1130928,basketball,0.8516590399999999,0.0
1130928,driving,2.2934176999999996,1.0
1130928,aiming,0.722673294117647,0.7058823529411765
1132976,basketball,0.9023498888888888,0.0
1132976,driving,2.17795075,0.9642857142857143
1132976,aiming,0.6702311290322582,0.6451612903225806
1135024,basketball,0.8373674999999998,0.0
1135024,driving,2.2864413666666663,1.0
1135024,aiming,0.5990000666666667,0.5666666666666667
1137072,basketball,0.8523933199999999,0.0
1137072,driving,2.270965029411764,1.0
1137072,aiming,0.76457175,0.75
1139120,basketball,0.8161539333333333,0.0
1139120,driving,2.227096,1.0
1139120,aiming,0.7561323478260872,0.7391304347826086
1141168,basketball,0.8947288863636363,0.0
1141168,driving,2.2902419285714286,1.0
1141168,aiming,0.644371153846154,0.6153846153846154
1143216,basketball,0.8115285161290322,0.0
1143216,driving,2.2852540322580643,1.0
1143216,aiming,0.7266342592592594,0.7037037037037037
1145264,basketball,0.8437809090909089,0.0
1145264,driving,2.2803385,1.0
1145264,aiming,0.7073894000000002,0.6857142857142857
1147312,basketball,0.9072533448275861,0.0
1147312,driving,2.3936426764705883,1.0
1147312,aiming,0.7577007037037037,0.7407407407407407
1149360,basketball,0.888101212121212,0.0
1149360,driving,2.3114437499999996,1.0
1149360,aiming,0.611388090909091,0.5757575757575758
1151408,basketball,0.8843653636363635,0.0
1151408,driving,2.2454935000000003,1.0
1151408,aiming,0.6607645263157894,0.631578947368421
1153456,basketball,0.8589055384615384,0.0
1153456,driving,2.089496807692308,0.9615384615384616
1153456,aiming,0.5790467916666667,0.5416666666666666
1155504,basketball,0.8297288461538462,0.0
1155504,driving,2.2568163428571437,1.0
1155504,aiming,0.6640694545454546,0.6363636363636364
1157552,basketball,0.84107392,0.0
1157552,driving,2.09771352631579,0.9473684210526315
1157552,aiming,0.7249675681818183,0.7045454545454546
1159600,basketball,0.8963431562499998,0.0
1159600,driving,2.2389368333333333,1.0
1159600,aiming,0.6685872142857144,0.6428571428571429
1161648,basketball,0.9451666666666666,0.0
1161648,driving,2.2383975555555558,1.0
1161648,aiming,0.6934642222222223,0.6666666666666666
1163696,basketball,0.839690972222222,0.0
1163696,driving,2.1445646296296297,1.0
1163696,aiming,0.7238361111111111,0.7037037037037037
1165744,basketball,0.8076866086956522,0.0
1165744,driving,2.3264239090909093,1.0
1165744,aiming,0.7205745333333334,0.7
1167792,basketball,0.9028791538461538,0.0
1167792,driving,2.3009464,1.0
1167792,aiming,0.7381137812500002,0.71875
1169840,basketball,0.897065303030303,0.0
1169840,driving,2.2950967931034483,1.0
1169840,aiming,0.7026596129032258,0.6774193548387096
1171888,basketball,0.8471614857142853,0.0
1171888,driving,2.36926388,1.0
1171888,aiming,0.7069842857142858,0.6857142857142857
1173936,basketball,0.8919672857142855,0.0
1173936,driving,2.2121268620689656,1.0
1173936,aiming,0.5292352972972975,0.4864864864864865
1175984,basketball,0.8425159999999999,0.0
1175984,driving,2.297126432432432,1.0
1175984,aiming,0.7741324761904762,0.7619047619047619
1178032,basketball,0.8970649090909089,0.0
1178032,driving,2.239244740740741,1.0
1178032,aiming,0.6163330277777779,0.5833333333333334
1180080,basketball,0.8449603000000001,0.0
1180080,driving,2.251673962962963,1.0
1180080,aiming,0.6813948285714285,0.6571428571428571
1182128,basketball,0.853554448275862,0.0
1182128,driving,2.4020423333333336,1.0
1182128,aiming,0.7126526206896552,0.6896551724137931
1184176,basketball,0.9115896969696967,0.0
1184176,driving,2.3310369999999994,1.0
1184176,aiming,0.8051470588235295,0.7941176470588235
1186224,basketball,0.8680634666666663,0.0
1186224,driving,2.4040834074074073,1.0
1186224,aiming,0.7152357500000001,0.6944444444444444
1188272,basketball,0.8694365806451608,0.0
1188272,driving,2.248763612903226,1.0
1188272,aiming,0.728672870967742,0.7096774193548387
1190320,basketball,0.8352445263157895,0.0
1190320,driving,2.2249588518518517,1.0
1190320,aiming,0.6243286666666669,0.5925925925925926
1192368,basketball,0.8712928387096774,0.0
1192368,driving,2.2351476666666668,1.0
1192368,aiming,0.7909158333333335,0.7777777777777778
1194416,basketball,0.8764748571428571,0.0
1194416,driving,2.3334559259259255,1.0
1194416,aiming,0.6529499750000001,0.625
1196464,basketball,0.879701652173913,0.0
1196464,driving,2.295247862068966,1.0
1196464,aiming,0.624373810810811,0.5945945945945946
1198512,basketball,0.8463414999999997,0.0
1198512,driving,2.264815212121212,1.0
1198512,aiming,0.6670047142857144,0.6428571428571429
1200560,basketball,0.8493043157894735,0.0
1200560,driving,2.3800754615384614,1.0
1200560,aiming,0.7511582666666669,0.7333333333333333
1202608,basketball,0.8355962592592591,0.0
1202608,driving,2.284209875,1.0
1202608,aiming,0.8065416551724138,0.7931034482758621
1204656,basketball,0.8671770344827586,0.0
1204656,driving,2.3068559259259263,1.0
1204656,aiming,0.6721060967741938,0.6451612903225806
1206704,basketball,0.8624225581395351,0.0
1206704,driving,2.2957493,1.0
1206704,aiming,0.6485984594594594,0.6216216216216216
1208752,basketball,0.8948861724137932,0.0
1208752,driving,2.3034974838709683,1.0
1208752,aiming,0.7746680588235296,0.7647058823529411
1210800,basketball,0.8360268799999997,0.0
1210800,driving,2.2785445625,1.0
1210800,aiming,0.6873084333333335,0.6666666666666666
1212848,basketball,0.8020763529411763,0.0
1212848,driving,2.3178150714285715,1.0
1212848,aiming,0.8109536333333336,0.8
1214896,basketball,0.9038722777777775,0.0
1214896,driving,2.2925435806451615,1.0
1214896,aiming,0.7819821333333337,0.7666666666666667
1216944,basketball,0.8755304848484846,0.0
1216944,driving,2.3183484242424237,1.0
1216944,aiming,0.7863044545454548,0.7727272727272727
1218992,basketball,0.8794670294117646,0.0
1218992,driving,2.428015571428571,1.0
1218992,aiming,0.7300791612903227,0.7096774193548387
1221040,basketball,0.8536762413793103,0.0
1221040,driving,2.3375411250000004,1.0
1221040,aiming,0.6428973461538461,0.6153846153846154
1223088,basketball,0.8604119487179486,0.0
1223088,driving,2.1976285416666665,1.0
1223088,aiming,0.8823499090909092,0.8787878787878788
1225136,basketball,0.9130516111111108,0.0
1225136,driving,2.2761035999999994,1.0
1225136,aiming,0.6706482580645162,0.6451612903225806
1227184,basketball,0.8910232432432431,0.0
1227184,driving,2.3064014347826083,1.0
1227184,aiming,0.5893718055555558,0.5555555555555556
1229232,basketball,0.9010747499999997,0.0
1229232,driving,2.2517604,1.0
1229232,aiming,0.8196349999999998,0.8095238095238095
1231280,basketball,0.8997169999999999,0.0
1231280,driving,2.277924225806451,1.0
1231280,aiming,0.7236451176470589,0.7058823529411765
1233328,basketball,0.8548559999999997,0.0
1233328,driving,2.2633685769230767,1.0
1233328,aiming,0.6984291621621621,0.6756756756756757
1235376,basketball,0.8931410952380952,0.0
1235376,driving,2.265543135135135,1.0
1235376,aiming,0.7473405384615385,0.7307692307692307
1237424,basketball,0.8838750285714283,0.0
1237424,driving,2.363015035714286,1.0
1237424,aiming,0.76511678125,0.75
1239472,basketball,0.9092022173913044,0.0
1239472,driving,2.2482379411764697,1.0
1239472,aiming,0.6793381034482759,0.6551724137931034
1241520,basketball,0.8955419032258064,0.0
1241520,driving,2.2583009655172415,1.0
1241520,aiming,0.6265899666666667,0.6
1243568,basketball,0.8822297916666665,0.0
1243568,driving,2.334191451612902,1.0
1243568,aiming,0.7044894736842108,0.6842105263157895
1245616,basketball,0.8691399,0.0
1245616,driving,2.2098134137931034,1.0
1245616,aiming,0.6263850370370371,0.5925925925925926
1247664,basketball,0.8821188333333333,0.0
1247664,driving,2.4065926470588237,1.0
1247664,aiming,0.7904607777777778,0.7777777777777778
1249712,basketball,0.9045966785714282,0.0
1249712,driving,2.2612816176470587,1.0
1249712,aiming,0.6791748076923076,0.6538461538461539
1251760,basketball,0.879869133333333,0.0
1251760,driving,2.2475131999999998,1.0
1251760,aiming,0.665920888888889,0.6388888888888888
