steps,task,ep_rew_mean,success
2048,basketball,0.0717184,0.0
2048,driving,-1.9700036666666667,0.16666666666666666
2048,aiming,0.28840980000000005,0.2
4096,basketball,0.1792294,0.0
4096,driving,-2.640267166666667,0.0
4096,aiming,0.012093333333333333,0.0
6144,basketball,0.2205895,0.0
6144,driving,-2.7694631666666667,0.16666666666666666
6144,aiming,0.169151125,0.25
8192,basketball,0.12441433333333334,0.0
8192,driving,-3.2057018,0.0
8192,aiming,-0.017112833333333338,0.0
10240,basketball,0.0915913,0.0
10240,driving,-2.5181396,0.0
10240,aiming,0.036144555555555555,0.0
12288,basketball,0.10350300000000001,0.0
12288,driving,-2.5519081999999997,0.2
12288,aiming,0.2812333,0.3
14336,basketball,-0.030062428571428573,0.0
14336,driving,-2.9574730000000002,0.0
14336,aiming,0.202053,0.3333333333333333
16384,basketball,0.1627912,0.0
16384,driving,-1.8823655,0.0
16384,aiming,0.05794128571428571,0.14285714285714285
18432,basketball,0.309376,0.0
18432,driving,-1.5599305,0.0
18432,aiming,0.23776925,0.0
20480,basketball,0.160297,0.0
20480,driving,-1.6689856666666667,0.0
20480,aiming,-0.07925650000000001,0.0
22528,basketball,0.29016455555555554,0.0
22528,driving,-2.113780166666667,0.0
22528,aiming,0.120972,0.0
24576,basketball,0.006213666666666663,0.0
24576,driving,-2.1577276666666667,0.0
24576,aiming,0.2186146,0.0
26624,basketball,0.27945016666666667,0.0
26624,driving,-1.526802,0.2857142857142857
26624,aiming,0.366403,0.25
28672,basketball,0.14348966666666665,0.0
28672,driving,-1.9208376666666667,0.0
28672,aiming,0.422361,0.16666666666666666
30720,basketball,0.26636033333333337,0.0
30720,driving,-2.479383,0.0
30720,aiming,0.224623875,0.25
32768,basketball,0.2390235,0.0
32768,driving,-1.7081628333333334,0.0
32768,aiming,0.328794,0.16666666666666666
34816,basketball,0.20338175,0.0
34816,driving,-0.6821853333333334,0.16666666666666666
34816,aiming,0.03912783333333333,0.0
36864,basketball,0.2706578,0.0
36864,driving,-0.8670301666666668,0.16666666666666666
36864,aiming,0.432785,0.25
38912,driving,-1.447906142857143,0.0
38912,aiming,0.68890975,0.5
40960,basketball,0.3561666666666667,0.0
40960,driving,-1.4874426666666667,0.0
40960,aiming,0.25404424999999997,0.25
43008,basketball,0.22823900000000003,0.0
43008,driving,-0.9157732,0.0
43008,aiming,0.25110814285714284,0.2857142857142857
45056,basketball,0.16777060000000002,0.0
45056,driving,-0.6194096666666666,0.0
45056,aiming,0.472537,0.0
47104,basketball,0.191991,0.0
47104,driving,-1.2031648333333334,0.0
47104,aiming,0.15188374999999998,0.0
49152,basketball,0.27846299999999996,0.0
49152,driving,-0.5669264285714286,0.14285714285714285
49152,aiming,0.013710500000000014,0.0
51200,basketball,0.25780514285714284,0.0
51200,driving,-0.5056035999999999,0.0
51200,aiming,0.1948315,0.0
53248,basketball,0.27442099999999997,0.0
53248,driving,0.12420800000000004,0.16666666666666666
53248,aiming,0.6177288,0.4
55296,basketball,0.34373624999999997,0.0
55296,driving,0.05892500000000001,0.2857142857142857
55296,aiming,0.4513703333333334,0.3333333333333333
57344,basketball,0.33805676923076927,0.0
57344,driving,-0.011433833333333301,0.16666666666666666
57344,aiming,0.5319866428571428,0.35714285714285715
59392,basketball,0.2797453,0.0
59392,driving,0.8402296666666667,0.5
59392,aiming,0.230014,0.0
61440,basketball,0.4403376666666667,0.0
61440,driving,-0.08440100000000002,0.14285714285714285
61440,aiming,0.378834,0.0
63488,basketball,0.293814375,0.0
63488,driving,0.7277468888888889,0.4444444444444444
63488,aiming,0.27657481818181817,0.09090909090909091
65536,basketball,0.28411525,0.0
65536,driving,0.7588374285714286,0.42857142857142855
65536,aiming,0.438989,0.5
67584,basketball,0.43660825,0.0
67584,driving,0.3241741428571428,0.42857142857142855
67584,aiming,0.152104,0.16666666666666666
69632,basketball,0.3601824,0.0
69632,driving,1.470495375,0.75
69632,aiming,0.44271777777777777,0.2222222222222222
71680,basketball,0.3392174,0.0
71680,driving,1.2839069,0.7
71680,aiming,0.3844921666666667,0.16666666666666666
73728,basketball,0.3712864444444445,0.0
73728,driving,0.8177445714285715,0.2857142857142857
73728,aiming,0.95,1.0
75776,basketball,0.30505699999999997,0.0
75776,driving,0.7449796666666667,0.4444444444444444
75776,aiming,0.5282818888888889,0.3333333333333333
77824,basketball,0.3007080909090909,0.0
77824,driving,1.1909741111111112,0.5555555555555556
77824,aiming,0.2751658,0.0
79872,basketball,0.4180361,0.0
79872,driving,1.9276290769230768,0.9230769230769231
79872,aiming,0.3777711666666667,0.16666666666666666
81920,basketball,0.28475323076923076,0.0
81920,driving,1.8599107,0.9
81920,aiming,0.5001272,0.2
83968,basketball,0.325889,0.0
83968,driving,1.7201965833333333,0.8333333333333334
83968,aiming,0.4540203333333333,0.16666666666666666
86016,basketball,0.3534395,0.0
86016,driving,1.9623839090909092,0.9090909090909091
86016,aiming,0.4198577333333333,0.2
88064,basketball,0.40319214285714283,0.0
88064,driving,1.550154777777778,0.6666666666666666
88064,aiming,0.356212,0.0
90112,basketball,0.30083744444444444,0.0
90112,driving,1.7049816363636365,0.8181818181818182
90112,aiming,0.413612125,0.125
92160,basketball,0.32998200000000005,0.0
92160,driving,1.9055386666666667,0.9166666666666666
92160,aiming,0.5214519999999999,0.3076923076923077
94208,basketball,0.35709236363636365,0.0
94208,driving,2.0788971333333333,1.0
94208,aiming,0.5738718823529412,0.29411764705882354
96256,basketball,0.3395136153846154,0.0
96256,driving,2.189169125,1.0
96256,aiming,0.5079089999999999,0.23076923076923078
98304,basketball,0.326761,0.0
98304,driving,1.9624358421052632,1.0
98304,aiming,0.416974,0.2
100352,basketball,0.35214844444444443,0.0
100352,driving,2.1955003529411767,1.0
100352,aiming,0.5610419411764705,0.29411764705882354
102400,basketball,0.3632422,0.0
102400,driving,2.1556957142857143,1.0
102400,aiming,0.4437887142857143,0.09523809523809523
104448,basketball,0.3539431875,0.0
104448,driving,2.1322428666666666,1.0
104448,aiming,0.40209857142857147,0.07142857142857142
106496,basketball,0.3751769130434782,0.0
106496,driving,2.2245682222222225,1.0
106496,aiming,0.3859428125,0.0625
108544,basketball,0.3519096428571428,0.0
108544,driving,2.263783705882353,1.0
108544,aiming,0.5372828125,0.25
110592,basketball,0.3586392,0.0
110592,driving,2.1366963529411764,1.0
110592,aiming,0.47223553333333335,0.2
112640,basketball,0.33671085714285715,0.0
112640,driving,2.323499105263158,1.0
112640,aiming,0.32592807142857144,0.0
114688,basketball,0.3629328947368421,0.0
114688,driving,2.2823528823529413,1.0
114688,aiming,0.6894638571428571,0.5
116736,basketball,0.37420333333333333,0.0
116736,driving,2.16806425,1.0
116736,aiming,0.4673080434782609,0.21739130434782608
118784,basketball,0.36606790476190476,0.0
118784,driving,2.221569625,1.0
118784,aiming,0.46296799999999994,0.1
120832,basketball,0.3872421875,0.0
120832,driving,2.2186405000000002,1.0
120832,aiming,0.5814976956521739,0.30434782608695654
122880,basketball,0.4184175909090909,0.0
122880,driving,2.2243994210526314,1.0
122880,aiming,0.5132196666666666,0.16666666666666666
124928,basketball,0.3606308,0.0
124928,driving,2.0920332352941178,0.9411764705882353
124928,aiming,0.5647418125,0.3125
126976,basketball,0.3458426,0.0
126976,driving,2.3570704,1.0
126976,aiming,0.4999877,0.2
129024,basketball,0.358231,0.0
129024,driving,2.301543,1.0
129024,aiming,0.44924030434782614,0.13043478260869565
131072,basketball,0.43316177272727274,0.0
131072,driving,2.1677138421052633,1.0
131072,aiming,0.5493056296296296,0.25925925925925924
133120,basketball,0.38165815999999997,0.0
133120,driving,2.285060588235294,1.0
133120,aiming,0.5537455833333333,0.2916666666666667
135168,basketball,0.29594595652173916,0.0
135168,driving,2.3774729285714287,1.0
135168,aiming,0.5910474761904762,0.23809523809523808
137216,basketball,0.3623657826086956,0.0
137216,driving,2.17203065,1.0
137216,aiming,0.5581106666666666,0.3333333333333333
139264,basketball,0.4131867777777778,0.0
139264,driving,2.3436852352941178,1.0
139264,aiming,0.5559543478260869,0.2608695652173913
141312,basketball,0.24842838888888888,0.0
141312,driving,2.260905888888889,1.0
141312,aiming,0.5830265454545455,0.36363636363636365
143360,basketball,0.38981040909090914,0.0
143360,driving,2.307174142857143,1.0
143360,aiming,0.5590136842105263,0.2631578947368421
145408,basketball,0.39629209090909095,0.0
145408,driving,2.1932058888888886,1.0
145408,aiming,0.5106717058823529,0.17647058823529413
147456,basketball,0.4007054583333333,0.0
147456,driving,2.263648,1.0
147456,aiming,0.579707625,0.2916666666666667
149504,basketball,0.4502728235294118,0.0
149504,driving,2.293003666666667,1.0
149504,aiming,0.6434205217391304,0.391304347826087
151552,basketball,0.3501806428571429,0.0
151552,driving,2.2091729,1.0
151552,aiming,0.47705244,0.2
153600,basketball,0.43341453846153843,0.0
153600,driving,2.3826412500000003,1.0
153600,aiming,0.6263077,0.4
155648,basketball,0.389221,0.0
155648,driving,2.262279130434783,0.9565217391304348
155648,aiming,0.560791,0.2727272727272727
157696,basketball,0.47649055,0.0
157696,driving,2.2189026,1.0
157696,aiming,0.567484,0.2222222222222222
159744,basketball,0.4022698888888889,0.0
159744,driving,2.231222086956522,1.0
159744,aiming,0.5676115652173913,0.34782608695652173
161792,basketball,0.31805735714285716,0.0
161792,driving,2.35332056,1.0
161792,aiming,0.6379525555555555,0.3888888888888889
163840,basketball,0.426331875,0.0
163840,driving,2.342944260869565,1.0
163840,aiming,0.5704180869565217,0.30434782608695654
165888,basketball,0.4370048888888889,0.0
165888,driving,2.2651708095238097,1.0
165888,aiming,0.60934725,0.3333333333333333
167936,basketball,0.5261076,0.0
167936,driving,2.2601080384615386,1.0
167936,aiming,0.54363215,0.3
169984,basketball,0.34993185000000004,0.0
169984,driving,2.3904653529411766,1.0
169984,aiming,0.49937713333333333,0.2
172032,basketball,0.38391095238095235,0.0
172032,driving,2.14810675,1.0
172032,aiming,0.53688112,0.16
174080,basketball,0.4136470434782609,0.0
174080,driving,2.2876075499999997,1.0
174080,aiming,0.6360092727272727,0.4090909090909091
176128,basketball,0.34908595,0.0
176128,driving,2.3213308695652173,1.0
176128,aiming,0.5496194999999999,0.2777777777777778
178176,basketball,0.39870786956521737,0.0
178176,driving,2.210511620689655,1.0
178176,aiming,0.6345291428571428,0.35714285714285715
180224,basketball,0.40570303703703703,0.0
180224,driving,2.25270445,1.0
180224,aiming,0.5429280416666666,0.2916666666666667
182272,basketball,0.4690633043478261,0.0
182272,driving,2.3101259130434784,1.0
182272,aiming,0.599551,0.29411764705882354
184320,basketball,0.3953091153846154,0.0
184320,driving,2.1886832352941177,1.0
184320,aiming,0.5170668,0.2
186368,basketball,0.35521322222222224,0.0
186368,driving,2.296401909090909,1.0
186368,aiming,0.40420725,0.0625
188416,basketball,0.41605772,0.0
188416,driving,2.1884071304347827,1.0
188416,aiming,0.68324732,0.52
190464,basketball,0.35001221052631576,0.0
190464,driving,2.3039037826086957,1.0
190464,aiming,0.4031261666666666,0.041666666666666664
192512,basketball,0.44935988000000004,0.0
192512,driving,2.224791409090909,1.0
192512,aiming,0.6316815454545455,0.4090909090909091
194560,basketball,0.4100152222222222,0.0
194560,driving,2.243069090909091,1.0
194560,aiming,0.4874964074074074,0.2222222222222222
196608,basketball,0.4265315909090909,0.0
196608,driving,2.350112923076923,1.0
196608,aiming,0.5507664761904761,0.3333333333333333
198656,basketball,0.46222141379310344,0.0
198656,driving,2.2579417916666666,1.0
198656,aiming,0.49970366666666666,0.19047619047619047
200704,basketball,0.43423085714285714,0.0
200704,driving,2.3356098260869564,1.0
200704,aiming,0.5423525454545455,0.2727272727272727
202752,basketball,0.42709622222222227,0.0
202752,driving,2.3342519166666666,1.0
202752,aiming,0.4879548181818182,0.13636363636363635
204800,basketball,0.4178745384615385,0.0
204800,driving,2.287219842105263,1.0
204800,aiming,0.5114078928571428,0.2857142857142857
206848,basketball,0.3707247826086956,0.0
206848,driving,2.2264306470588235,1.0
206848,aiming,0.47086354838709676,0.1935483870967742
208896,basketball,0.40680615,0.0
208896,driving,2.2501698275862068,1.0
208896,aiming,0.5572574285714286,0.42857142857142855
210944,basketball,0.4028066216216216,0.0
210944,driving,2.3157015555555556,1.0
210944,aiming,0.6351139444444445,0.4444444444444444
212992,basketball,0.44785023809523805,0.0
212992,driving,2.1901350454545456,1.0
212992,aiming,0.6004591052631579,0.3684210526315789
215040,basketball,0.33112707142857145,0.0
215040,driving,2.3144182222222223,1.0
215040,aiming,0.5644368846153847,0.3076923076923077
217088,basketball,0.4696050322580645,0.0
217088,driving,2.2539662941176473,1.0
217088,aiming,0.5423787857142857,0.17857142857142858
219136,basketball,0.40811586956521745,0.0
219136,driving,2.252747157894737,1.0
219136,aiming,0.5031610833333333,0.16666666666666666
221184,basketball,0.485544,0.0
221184,driving,2.392294769230769,1.0
221184,aiming,0.5892744400000001,0.36
223232,basketball,0.39540988888888884,0.0
223232,driving,2.2104257,1.0
223232,aiming,0.5798533636363636,0.3333333333333333
225280,basketball,0.40501499999999996,0.0
225280,driving,2.2875847586206897,1.0
225280,aiming,0.6130210588235294,0.4117647058823529
227328,basketball,0.39564,0.0
227328,driving,2.2805544,1.0
227328,aiming,0.5385714230769231,0.2692307692307692
229376,basketball,0.4033784761904762,0.0
229376,driving,2.408251,1.0
229376,aiming,0.3971354583333333,0.125
231424,basketball,0.3676537777777778,0.0
231424,driving,2.36548405,1.0
231424,aiming,0.5272815,0.18181818181818182
233472,basketball,0.425725875,0.0
233472,driving,2.420988619047619,1.0
233472,aiming,0.5937636923076923,0.34615384615384615
235520,basketball,0.41790212,0.0
235520,driving,2.317419666666667,1.0
235520,aiming,0.5159267619047619,0.2857142857142857
237568,basketball,0.48992080952380956,0.0
237568,driving,2.246003653846154,1.0
237568,aiming,0.48667752,0.24
239616,basketball,0.46609745,0.0
239616,driving,2.3149525,1.0
239616,aiming,0.5245022222222222,0.16666666666666666
241664,basketball,0.3689817272727272,0.0
241664,driving,2.1858170384615385,1.0
241664,aiming,0.5160281739130435,0.21739130434782608
243712,basketball,0.424049,0.0
243712,driving,2.20525544,1.0
243712,aiming,0.6487204285714286,0.39285714285714285
245760,basketball,0.416197,0.0
245760,driving,2.339971541666667,1.0
245760,aiming,0.5538459583333334,0.2916666666666667
247808,basketball,0.4042743846153846,0.0
247808,driving,2.3086055172413795,1.0
247808,aiming,0.646056,0.43333333333333335
249856,basketball,0.4236203333333333,0.0
249856,driving,2.2177407058823526,1.0
249856,aiming,0.4522843333333333,0.125
251904,basketball,0.47969586956521737,0.0
251904,driving,2.354490653846154,1.0
251904,aiming,0.5215261428571429,0.23809523809523808
253952,basketball,0.46319165217391306,0.0
253952,driving,2.188443846153846,1.0
253952,aiming,0.599687125,0.375
256000,basketball,0.4046165263157895,0.0
256000,driving,2.3424751304347824,1.0
256000,aiming,0.6089245909090909,0.36363636363636365
258048,basketball,0.4326476206896551,0.0
258048,driving,2.299753416666667,1.0
258048,aiming,0.6130095714285714,0.3333333333333333
260096,basketball,0.45026662962962966,0.0
260096,driving,2.320523043478261,1.0
260096,aiming,0.5662222777777778,0.2777777777777778
262144,basketball,0.48663641935483876,0.0
262144,driving,2.396977666666667,1.0
262144,aiming,0.5883802916666666,0.3333333333333333
264192,basketball,0.3948121111111111,0.0
264192,driving,2.3687195238095238,1.0
264192,aiming,0.6176847619047618,0.47619047619047616
266240,basketball,0.42770232,0.0
266240,driving,2.22945488,1.0
266240,aiming,0.574685,0.25925925925925924
268288,basketball,0.39616321428571427,0.0
268288,driving,2.2153632083333332,1.0
268288,aiming,0.6050015238095238,0.42857142857142855
270336,basketball,0.457777125,0.0
270336,driving,2.2580587000000003,1.0
270336,aiming,0.6110365999999999,0.36
272384,basketball,0.40657348,0.0
272384,driving,2.3386521304347823,1.0
272384,aiming,0.50441585,0.15
274432,basketball,0.4398502857142857,0.0
274432,driving,2.1884245,1.0
274432,aiming,0.528920064516129,0.1935483870967742
276480,basketball,0.5059769,0.0
276480,driving,2.3203832857142856,1.0
276480,aiming,0.6245723333333333,0.36666666666666664
278528,basketball,0.46312790000000004,0.0
278528,driving,2.2971054166666667,1.0
278528,aiming,0.6025661904761905,0.2857142857142857
280576,basketball,0.42017475,0.0
280576,driving,2.367971136363636,1.0
280576,aiming,0.4547652,0.12
282624,basketball,0.4577636363636364,0.0
282624,driving,2.2846421599999998,1.0
282624,aiming,0.6659687272727273,0.48484848484848486
284672,basketball,0.4851686785714286,0.0
284672,driving,2.367609157894737,1.0
284672,aiming,0.5923052857142856,0.32142857142857145
286720,basketball,0.4277645714285714,0.0
286720,driving,2.2870619629629627,1.0
286720,aiming,0.6035974583333333,0.3333333333333333
288768,basketball,0.41554021428571425,0.0
288768,driving,2.338593869565217,1.0
288768,aiming,0.6069371578947368,0.42105263157894735
290816,basketball,0.452026875,0.0
290816,driving,2.3218006333333334,1.0
290816,aiming,0.5527507368421053,0.2631578947368421
292864,basketball,0.4937261363636363,0.0
292864,driving,2.2092740833333333,1.0
292864,aiming,0.506680923076923,0.3076923076923077
294912,basketball,0.4514518333333333,0.0
294912,driving,2.287043125,1.0
294912,aiming,0.56829725,0.375
296960,basketball,0.4041748666666667,0.0
296960,driving,2.2307001935483872,1.0
296960,aiming,0.5265015185185186,0.3333333333333333
299008,basketball,0.44164593333333335,0.0
299008,driving,2.1732746666666665,1.0
299008,aiming,0.4491315294117647,0.17647058823529413
301056,basketball,0.5156352,0.0
301056,driving,2.320733875,1.0
301056,aiming,0.5424802916666667,0.25
303104,basketball,0.5314368076923077,0.0
303104,driving,2.251148269230769,1.0
303104,aiming,0.5195919473684211,0.21052631578947367
305152,basketball,0.4384066153846154,0.0
305152,driving,2.263972095238095,1.0
305152,aiming,0.6349193103448275,0.41379310344827586
307200,basketball,0.513273,0.0
307200,driving,2.3856366,1.0
307200,aiming,0.5186955333333333,0.16666666666666666
309248,basketball,0.38450976,0.0
309248,driving,2.257160208333333,1.0
309248,aiming,0.6100885769230768,0.38461538461538464
311296,basketball,0.4952773142857143,0.0
311296,driving,2.423616210526316,1.0
311296,aiming,0.6507191739130435,0.4782608695652174
313344,basketball,0.4608318928571428,0.0
313344,driving,2.376320739130435,1.0
313344,aiming,0.6099544117647059,0.29411764705882354
315392,basketball,0.38548895238095243,0.0
315392,driving,2.3650350476190476,1.0
315392,aiming,0.57838848,0.24
317440,basketball,0.4646286,0.0
317440,driving,2.3124721739130436,1.0
317440,aiming,0.6344471071428571,0.39285714285714285
319488,basketball,0.49838076000000003,0.0
319488,driving,2.2394453076923075,1.0
319488,aiming,0.6079474,0.4
321536,basketball,0.4746898666666667,0.0
321536,driving,2.2286042,1.0
321536,aiming,0.68204368,0.48
323584,basketball,0.5492176000000001,0.0
323584,driving,2.3068064782608695,1.0
323584,aiming,0.6045352173913043,0.391304347826087
325632,basketball,0.49177,0.0
325632,driving,2.2504558260869563,1.0
325632,aiming,0.4856519523809524,0.14285714285714285
327680,basketball,0.5150061379310344,0.0
327680,driving,2.2022949499999998,1.0
327680,aiming,0.5434105555555555,0.2222222222222222
329728,basketball,0.3902466363636364,0.0
329728,driving,2.27984464,1.0
329728,aiming,0.5876181851851852,0.3333333333333333
331776,basketball,0.47537644,0.0
331776,driving,2.2517444615384616,1.0
331776,aiming,0.5840823333333333,0.2916666666666667
333824,basketball,0.5600703333333333,0.0
333824,driving,2.3215882,1.0
333824,aiming,0.6209238461538462,0.38461538461538464
335872,basketball,0.5493446666666667,0.0
335872,driving,2.2674447407407405,1.0
335872,aiming,0.5363335,0.25
337920,basketball,0.517696625,0.0
337920,driving,2.272839064516129,1.0
337920,aiming,0.5523503684210527,0.2631578947368421
339968,basketball,0.516206962962963,0.0
339968,driving,2.25752645,1.0
339968,aiming,0.6068088846153846,0.3076923076923077
342016,basketball,0.4430425,0.0
342016,driving,2.258912,1.0
342016,aiming,0.642573,0.3793103448275862
344064,basketball,0.48724207407407405,0.0
344064,driving,2.3918465,1.0
344064,aiming,0.51953372,0.16
346112,basketball,0.4897711,0.0
346112,driving,2.295563217391304,1.0
346112,aiming,0.5452052962962962,0.18518518518518517
348160,basketball,0.42443934782608694,0.0
348160,driving,2.279250916666667,1.0
348160,aiming,0.6268119615384615,0.4230769230769231
350208,basketball,0.4688120689655172,0.0
350208,driving,2.3672875909090907,1.0
350208,aiming,0.6853707857142857,0.4642857142857143
352256,basketball,0.4501906521739131,0.0
352256,driving,2.272929153846154,1.0
352256,aiming,0.7014144999999999,0.5
354304,basketball,0.51719625,0.0
354304,driving,2.286251703703704,1.0
354304,aiming,0.539693588235294,0.23529411764705882
356352,basketball,0.532208074074074,0.0
356352,driving,2.288188037037037,1.0
356352,aiming,0.60310552,0.4
358400,basketball,0.6069891666666667,0.0
358400,driving,2.341803714285714,1.0
358400,aiming,0.5025775185185185,0.2222222222222222
360448,basketball,0.50910872,0.0
360448,driving,2.2822722499999997,1.0
360448,aiming,0.6809951428571429,0.47619047619047616
362496,basketball,0.5606117391304347,0.0
362496,driving,2.323290181818182,1.0
362496,aiming,0.5517972333333333,0.23333333333333334
364544,basketball,0.4704727857142857,0.0
364544,driving,2.306041233333333,1.0
364544,aiming,0.618763875,0.3333333333333333
366592,basketball,0.5415309090909091,0.0
366592,driving,2.3356207,1.0
366592,aiming,0.5842450476190476,0.2857142857142857
368640,basketball,0.585832375,0.0
368640,driving,2.1293330769230767,0.9615384615384616
368640,aiming,0.557008,0.2857142857142857
370688,basketball,0.54588464,0.0
370688,driving,2.361758125,1.0
370688,aiming,0.5818754814814815,0.37037037037037035
372736,basketball,0.5351019565217391,0.0
372736,driving,2.3184338749999998,1.0
372736,aiming,0.6239112592592592,0.37037037037037035
374784,basketball,0.53783459375,0.0
374784,driving,2.3513952631578947,1.0
374784,aiming,0.5656002173913043,0.30434782608695654
376832,basketball,0.5344114210526316,0.0
376832,driving,2.3326794166666667,1.0
376832,aiming,0.4816865909090909,0.22727272727272727
378880,basketball,0.5171152903225807,0.0
378880,driving,2.3594583181818183,1.0
378880,aiming,0.5807992608695652,0.30434782608695654
380928,basketball,0.5793082333333334,0.0
380928,driving,2.2094708181818183,1.0
380928,aiming,0.5804039333333333,0.3
382976,basketball,0.438147625,0.0
382976,driving,2.2787362333333334,1.0
382976,aiming,0.5471738125,0.25
385024,basketball,0.5398973666666667,0.0
385024,driving,2.2694322,1.0
385024,aiming,0.5021459230769231,0.11538461538461539
387072,basketball,0.4966625862068965,0.0
387072,driving,2.2542640416666666,1.0
387072,aiming,0.5707249545454546,0.22727272727272727
389120,basketball,0.5483108,0.0
389120,driving,2.22110464516129,1.0
389120,aiming,0.6986849374999999,0.5
391168,basketball,0.5642349999999999,0.0
391168,driving,2.2564170833333335,1.0
391168,aiming,0.6100770833333333,0.3333333333333333
393216,basketball,0.446603,0.0
393216,driving,2.347759766666667,1.0
393216,aiming,0.6494197333333334,0.4
395264,basketball,0.5493442777777777,0.0
395264,driving,2.34387448,1.0
395264,aiming,0.5762141538461538,0.3076923076923077
397312,basketball,0.508919875,0.0
397312,driving,2.25787948,1.0
397312,aiming,0.5981176923076923,0.2692307692307692
399360,basketball,0.5253478928571428,0.0
399360,driving,2.335446375,1.0
399360,aiming,0.5288290952380953,0.14285714285714285
401408,basketball,0.5714828399999999,0.0
401408,driving,2.3489256296296297,1.0
401408,aiming,0.7003317199999999,0.52
403456,basketball,0.47946025,0.0
403456,driving,2.3531039545454546,1.0
403456,aiming,0.7032146785714285,0.4642857142857143
405504,basketball,0.5570081739130435,0.0
405504,driving,2.240430909090909,1.0
405504,aiming,0.6396114848484848,0.42424242424242425
407552,basketball,0.5378758095238095,0.0
407552,driving,2.213992482758621,1.0
407552,aiming,0.6301302222222221,0.37037037037037035
409600,basketball,0.5183784347826087,0.0
409600,driving,2.2314274583333336,1.0
409600,aiming,0.6318244137931034,0.3448275862068966
411648,basketball,0.5398858214285714,0.0
411648,driving,2.3806687037037033,1.0
411648,aiming,0.6731470476190475,0.5714285714285714
413696,basketball,0.5246164285714285,0.0
413696,driving,2.308469185185185,1.0
413696,aiming,0.6013620769230769,0.38461538461538464
415744,basketball,0.5108984642857143,0.0
415744,driving,2.401346666666667,1.0
415744,aiming,0.66246634375,0.4375
417792,basketball,0.4724676666666667,0.0
417792,driving,2.3114566111111112,1.0
417792,aiming,0.6517137407407406,0.37037037037037035
419840,basketball,0.579819894736842,0.0
419840,driving,2.3262300454545457,1.0
419840,aiming,0.5529134324324324,0.2972972972972973
421888,basketball,0.5088975769230769,0.0
421888,driving,2.3254454814814816,1.0
421888,aiming,0.5968456666666666,0.3333333333333333
423936,basketball,0.55364848,0.0
423936,driving,2.2754406333333335,1.0
423936,aiming,0.5287446842105263,0.10526315789473684
425984,basketball,0.58512308,0.0
425984,driving,2.3941718333333335,1.0
425984,aiming,0.5220847916666667,0.20833333333333334
428032,basketball,0.5414582380952381,0.0
428032,driving,2.3242697666666667,1.0
428032,aiming,0.5480303181818181,0.22727272727272727
430080,basketball,0.4836870384615385,0.0
430080,driving,2.1816884782608694,1.0
430080,aiming,0.608271652173913,0.30434782608695654
432128,basketball,0.5192811481481482,0.0
432128,driving,2.241553,1.0
432128,aiming,0.7535035238095238,0.6190476190476191
434176,basketball,0.5993387567567567,0.0
434176,driving,2.150139619047619,1.0
434176,aiming,0.6640423181818181,0.45454545454545453
436224,basketball,0.5448503,0.0
436224,driving,2.3254433199999998,1.0
436224,aiming,0.7059991388888889,0.5
438272,basketball,0.598309625,0.0
438272,driving,2.3276880869565217,1.0
438272,aiming,0.5484895769230769,0.34615384615384615
440320,basketball,0.5426293125,0.0
440320,driving,2.2218228499999997,1.0
440320,aiming,0.6608753076923077,0.46153846153846156
442368,basketball,0.55764795,0.0
442368,driving,2.3078558928571424,1.0
442368,aiming,0.6140520689655172,0.3448275862068966
444416,basketball,0.511939,0.0
444416,driving,2.371365304347826,1.0
444416,aiming,0.6377090769230769,0.38461538461538464
446464,basketball,0.532745172413793,0.0
446464,driving,2.3241008125000002,1.0
446464,aiming,0.6284862352941176,0.35294117647058826
448512,basketball,0.5480103461538461,0.0
448512,driving,2.21717604,1.0
448512,aiming,0.6607835862068966,0.4482758620689655
450560,basketball,0.62260396,0.0
450560,driving,2.3361912222222223,1.0
450560,aiming,0.7028583125,0.5
452608,basketball,0.5181046153846154,0.0
452608,driving,2.2150440000000002,1.0
452608,aiming,0.6413596333333333,0.36666666666666664
454656,basketball,0.5237007368421053,0.0
454656,driving,2.306000608695652,1.0
454656,aiming,0.5856527333333333,0.3
456704,basketball,0.5669842903225806,0.0
456704,driving,2.499455826086957,1.0
456704,aiming,0.7712647826086957,0.6086956521739131
458752,basketball,0.5482358461538461,0.0
458752,driving,2.1988843214285714,1.0
458752,aiming,0.6696804545454546,0.45454545454545453
460800,basketball,0.5493319999999999,0.0
460800,driving,2.302628785714286,1.0
460800,aiming,0.5961905,0.35
462848,basketball,0.5601642380952381,0.0
462848,driving,2.2795579615384614,1.0
462848,aiming,0.6475536896551723,0.41379310344827586
464896,basketball,0.6031421666666666,0.0
464896,driving,2.3561485,1.0
464896,aiming,0.6368358148148148,0.4074074074074074
466944,basketball,0.6889523157894737,0.0
466944,driving,2.2691184516129033,1.0
466944,aiming,0.7016018181818182,0.5454545454545454
468992,basketball,0.5986872799999999,0.0
468992,driving,2.3880370588235293,1.0
468992,aiming,0.6462736052631579,0.3684210526315789
471040,basketball,0.6061441785714285,0.0
471040,driving,2.3554895454545455,1.0
471040,aiming,0.6637132592592593,0.4444444444444444
473088,basketball,0.586438,0.0
473088,driving,2.2870326666666667,1.0
473088,aiming,0.68768615625,0.5
475136,basketball,0.6082027647058823,0.0
475136,driving,2.3640822647058823,1.0
475136,aiming,0.70703845,0.5
477184,basketball,0.5408378695652174,0.0
477184,driving,2.260986761904762,1.0
477184,aiming,0.644230294117647,0.38235294117647056
479232,basketball,0.6842778148148149,0.0
479232,driving,2.281973296296296,1.0
479232,aiming,0.5946132173913043,0.34782608695652173
481280,basketball,0.61466165625,0.0
481280,driving,2.40273228,1.0
481280,aiming,0.6123534,0.25
483328,basketball,0.5456778461538462,0.0
483328,driving,2.3231982692307693,1.0
483328,aiming,0.5271234583333333,0.20833333333333334
485376,basketball,0.540558052631579,0.0
485376,driving,2.3185066451612903,1.0
485376,aiming,0.6946813636363637,0.5
487424,basketball,0.5751016666666666,0.0
487424,driving,2.329773909090909,1.0
487424,aiming,0.5971806363636364,0.3181818181818182
489472,basketball,0.6057628636363637,0.0
489472,driving,2.2648245,1.0
489472,aiming,0.6664199545454546,0.45454545454545453
491520,basketball,0.6042946666666666,0.0
491520,driving,2.266578148148148,1.0
491520,aiming,0.5805757142857143,0.25
493568,basketball,0.5833995217391305,0.0
493568,driving,2.244255708333333,1.0
493568,aiming,0.5714158666666667,0.23333333333333334
495616,basketball,0.533454619047619,0.0
495616,driving,2.328647857142857,1.0
495616,aiming,0.5959789062499999,0.28125
497664,basketball,0.6180853888888889,0.0
497664,driving,2.4291485714285717,1.0
497664,aiming,0.6220195416666666,0.2916666666666667
499712,basketball,0.587949962962963,0.0
499712,driving,2.27261436,1.0
499712,aiming,0.6157380476190476,0.3333333333333333
501760,basketball,0.665614,0.0
501760,driving,2.2884795862068965,1.0
501760,aiming,0.6775720869565217,0.43478260869565216
503808,basketball,0.6000267499999999,0.0
503808,driving,2.318010375,1.0
503808,aiming,0.576182,0.2857142857142857
505856,basketball,0.6304987142857142,0.0
505856,driving,2.240775333333333,1.0
505856,aiming,0.710312875,0.5
507904,basketball,0.6136976666666667,0.0
507904,driving,2.330125181818182,1.0
507904,aiming,0.64763,0.4
509952,basketball,0.5989082,0.0
509952,driving,2.3213628529411765,1.0
509952,aiming,0.6284439090909091,0.36363636363636365
512000,basketball,0.5853596363636364,0.0
512000,driving,2.259536724137931,1.0
512000,aiming,0.62180525,0.35
514048,basketball,0.63859556,0.0
514048,driving,2.3417682307692305,1.0
514048,aiming,0.6320323043478261,0.30434782608695654
516096,basketball,0.6299876,0.0
516096,driving,2.3720177,1.0
516096,aiming,0.7086998,0.5
518144,basketball,0.61004415625,0.0
518144,driving,2.3288509047619046,1.0
518144,aiming,0.61858075,0.25
520192,basketball,0.6783573199999999,0.0
520192,driving,2.324914733333333,1.0
520192,aiming,0.7423532916666667,0.5416666666666666
522240,basketball,0.6119483333333333,0.0
522240,driving,2.28190675,1.0
522240,aiming,0.5807376060606061,0.2727272727272727
524288,basketball,0.6786286451612903,0.0
524288,driving,2.2450750384615388,1.0
524288,aiming,0.661053304347826,0.391304347826087
526336,basketball,0.6599774615384615,0.0
526336,driving,2.2367370277777776,1.0
526336,aiming,0.6756864,0.4666666666666667
528384,basketball,0.5567292857142857,0.0
528384,driving,2.3735255806451616,1.0
528384,aiming,0.7243708421052631,0.5263157894736842
530432,basketball,0.64178388,0.0
530432,driving,2.3701713461538465,1.0
530432,aiming,0.6970771785714286,0.5
532480,basketball,0.6169588888888888,0.0
532480,driving,2.2759411153846156,1.0
532480,aiming,0.6172629259259259,0.2962962962962963
534528,basketball,0.6217967600000001,0.0
534528,driving,2.3646818148148148,1.0
534528,aiming,0.58661,0.3181818181818182
536576,basketball,0.6881598,0.0
536576,driving,2.2323213666666666,1.0
536576,aiming,0.656403724137931,0.3793103448275862
538624,basketball,0.6313567826086957,0.0
538624,driving,2.31139452,1.0
538624,aiming,0.6181662068965517,0.3103448275862069
540672,basketball,0.5753474074074073,0.0
540672,driving,2.3342148571428574,1.0
540672,aiming,0.6533879411764706,0.4117647058823529
542720,basketball,0.6235221666666667,0.0
542720,driving,2.31333712,1.0
542720,aiming,0.6897566666666667,0.42857142857142855
544768,basketball,0.6495223214285714,0.0
544768,driving,2.338091956521739,1.0
544768,aiming,0.6314888965517241,0.3448275862068966
546816,basketball,0.6266339655172414,0.0
546816,driving,2.258024043478261,1.0
546816,aiming,0.7165404444444445,0.5185185185185185
548864,basketball,0.7250632666666667,0.0
548864,driving,2.2638799615384615,1.0
548864,aiming,0.7168170769230768,0.5
550912,basketball,0.6269450000000001,0.0
550912,driving,2.253422846153846,1.0
550912,aiming,0.6539320000000001,0.4090909090909091
552960,basketball,0.671226576923077,0.0
552960,driving,2.32117032,1.0
552960,aiming,0.68361159375,0.5
555008,basketball,0.599128,0.0
555008,driving,2.1915851818181817,1.0
555008,aiming,0.5716275454545454,0.2727272727272727
557056,basketball,0.6135850952380952,0.0
557056,driving,2.2667581111111113,1.0
557056,aiming,0.6370708260869565,0.34782608695652173
559104,basketball,0.60228,0.0
559104,driving,2.2895492,1.0
559104,aiming,0.6979831388888889,0.4722222222222222
561152,basketball,0.6563826399999999,0.0
561152,driving,2.2717896551724137,1.0
561152,aiming,0.6782330833333333,0.4166666666666667
563200,basketball,0.65017616,0.0
563200,driving,2.287319875,1.0
563200,aiming,0.6090242413793103,0.3448275862068966
565248,basketball,0.7304423333333333,0.0
565248,driving,2.2657857000000003,1.0
565248,aiming,0.6386512962962962,0.3333333333333333
567296,basketball,0.664832,0.0
567296,driving,2.31210056,1.0
567296,aiming,0.5906224516129032,0.2903225806451613
569344,basketball,0.6354853913043478,0.0
569344,driving,2.38608868,1.0
569344,aiming,0.7003575217391304,0.5217391304347826
571392,basketball,0.6192453333333333,0.0
571392,driving,2.302794230769231,1.0
571392,aiming,0.7077371304347825,0.4782608695652174
573440,basketball,0.6627599411764705,0.0
573440,driving,2.306300133333333,1.0
573440,aiming,0.5911869166666667,0.2916666666666667
575488,basketball,0.640128942857143,0.0
575488,driving,2.2541533478260867,1.0
575488,aiming,0.7151852083333333,0.5416666666666666
577536,basketball,0.6564198461538461,0.0
577536,driving,2.236603703703704,1.0
577536,aiming,0.6170535652173913,0.2608695652173913
579584,basketball,0.6722712592592592,0.0
579584,driving,2.360661263157895,1.0
579584,aiming,0.6585235172413794,0.3793103448275862
581632,basketball,0.6423912758620689,0.0
581632,driving,2.3290295833333334,1.0
581632,aiming,0.6065961,0.3
583680,basketball,0.716619380952381,0.0
583680,driving,2.3103300606060606,1.0
583680,aiming,0.6817220869565217,0.43478260869565216
585728,basketball,0.73825825,0.0
585728,driving,2.334177846153846,1.0
585728,aiming,0.6140390344827586,0.3448275862068966
587776,basketball,0.6941100606060606,0.0
587776,driving,2.3034026,1.0
587776,aiming,0.6731949090909091,0.4090909090909091
589824,basketball,0.6745238333333333,0.0
589824,driving,2.26632964,1.0
589824,aiming,0.7116562222222221,0.5185185185185185
591872,basketball,0.6237025,0.0
591872,driving,2.331781142857143,1.0
591872,aiming,0.6245435151515152,0.3333333333333333
593920,basketball,0.6866453181818182,0.0
593920,driving,2.1971645652173915,1.0
593920,aiming,0.6178519166666666,0.3611111111111111
595968,basketball,0.6651915,0.0
595968,driving,2.3335127727272726,1.0
595968,aiming,0.6555128928571429,0.39285714285714285
598016,basketball,0.69081978125,0.0
598016,driving,2.3717265217391303,1.0
598016,aiming,0.6719505555555556,0.4074074074074074
600064,basketball,0.6056835714285714,0.0
600064,driving,2.2324638636363634,1.0
600064,aiming,0.6465168148148147,0.4074074074074074
602112,basketball,0.6990833076923076,0.0
602112,driving,2.3135056666666665,1.0
602112,aiming,0.6010224642857143,0.32142857142857145
604160,basketball,0.701813875,0.0
604160,driving,2.272347142857143,1.0
604160,aiming,0.68378796,0.44
606208,basketball,0.7079954137931034,0.0
606208,driving,2.314280666666667,1.0
606208,aiming,0.7506660999999999,0.6
608256,basketball,0.6469759722222223,0.0
608256,driving,2.3924496842105265,1.0
608256,aiming,0.7519698518518518,0.5925925925925926
610304,basketball,0.6737701212121212,0.0
610304,driving,2.3338817916666668,1.0
610304,aiming,0.7285207142857143,0.5357142857142857
612352,basketball,0.663434875,0.0
612352,driving,2.3841508333333334,1.0
612352,aiming,0.60307275,0.25
614400,basketball,0.6697387333333332,0.0
614400,driving,2.2454106363636366,1.0
614400,aiming,0.7248971999999999,0.5666666666666667
616448,basketball,0.7391994411764706,0.0
616448,driving,2.243132423076923,1.0
616448,aiming,0.6147944999999999,0.2727272727272727
618496,basketball,0.6199794838709677,0.0
618496,driving,2.35237856,1.0
618496,aiming,0.7089940555555555,0.5
620544,basketball,0.7355289047619047,0.0
620544,driving,2.2722012941176466,1.0
620544,aiming,0.720617125,0.5416666666666666
622592,basketball,0.6693958333333333,0.0
622592,driving,2.28782515625,1.0
622592,aiming,0.7898991739130434,0.6521739130434783
624640,basketball,0.6994946551724138,0.0
624640,driving,2.3415316923076923,1.0
624640,aiming,0.7077927037037036,0.5185185185185185
626688,basketball,0.6607752903225806,0.0
626688,driving,2.333374681818182,1.0
626688,aiming,0.582873238095238,0.23809523809523808
628736,basketball,0.7054778,0.0
628736,driving,2.3379211379310343,1.0
628736,aiming,0.6884887999999999,0.48
630784,basketball,0.6988318387096774,0.0
630784,driving,2.276669153846154,1.0
630784,aiming,0.7240590769230769,0.5384615384615384
632832,basketball,0.762100125,0.0
632832,driving,2.248047045454545,1.0
632832,aiming,0.6855990789473685,0.42105263157894735
634880,basketball,0.6532152580645161,0.0
634880,driving,2.3406056785714284,1.0
634880,aiming,0.7366116842105263,0.5789473684210527
636928,basketball,0.6781001111111111,0.0
636928,driving,2.2495774615384616,1.0
636928,aiming,0.7366923928571428,0.5714285714285714
638976,basketball,0.6908211714285714,0.0
638976,driving,2.355577590909091,1.0
638976,aiming,0.7088227619047619,0.47619047619047616
641024,basketball,0.70423,0.0
641024,driving,2.2877465714285714,1.0
641024,aiming,0.6950489999999999,0.5
643072,basketball,0.6818771428571428,0.0
643072,driving,2.274054846153846,1.0
643072,aiming,0.6333620384615385,0.34615384615384615
645120,basketball,0.6425308,0.0
645120,driving,2.270831269230769,1.0
645120,aiming,0.6859172727272728,0.45454545454545453
647168,basketball,0.651445619047619,0.0
647168,driving,2.446441222222222,1.0
647168,aiming,0.6305492307692308,0.34615384615384615
649216,basketball,0.7440855588235293,0.0
649216,driving,2.3067418461538463,1.0
649216,aiming,0.6765811249999999,0.4166666666666667
651264,basketball,0.7570774210526315,0.0
651264,driving,2.25582,1.0
651264,aiming,0.6443647647058823,0.4117647058823529
653312,basketball,0.7102401818181818,0.0
653312,driving,2.297736551724138,1.0
653312,aiming,0.7072974399999999,0.52
655360,basketball,0.6573390869565217,0.0
655360,driving,2.2612166,1.0
655360,aiming,0.6382325909090909,0.36363636363636365
657408,basketball,0.7203832647058823,0.0
657408,driving,2.270337384615385,1.0
657408,aiming,0.7962141111111111,0.6666666666666666
659456,basketball,0.7434488,0.0
659456,driving,2.274706617647059,1.0
659456,aiming,0.7298053809523809,0.5714285714285714
661504,basketball,0.6520800869565218,0.0
661504,driving,2.3397696666666667,1.0
661504,aiming,0.7213402083333333,0.5416666666666666
663552,basketball,0.7060124444444444,0.0
663552,driving,2.279757791666667,1.0
663552,aiming,0.6520068095238095,0.42857142857142855
665600,basketball,0.6941940499999999,0.0
665600,driving,2.15132340625,1.0
665600,aiming,0.6904348148148147,0.48148148148148145
667648,basketball,0.7503731724137931,0.0
667648,driving,2.343962761904762,1.0
667648,aiming,0.742793282051282,0.5641025641025641
669696,basketball,0.8054222413793103,0.0
669696,driving,2.254044142857143,1.0
669696,aiming,0.7015412592592591,0.5185185185185185
671744,basketball,0.6823227333333333,0.0
671744,driving,2.3849251470588237,1.0
671744,aiming,0.7333176250000001,0.5416666666666666
673792,basketball,0.628239923076923,0.0
673792,driving,2.3625024090909093,1.0
673792,aiming,0.7087736896551724,0.4827586206896552
675840,basketball,0.7681907333333332,0.0
675840,driving,2.2810038,1.0
675840,aiming,0.7075329259259259,0.5185185185185185
677888,basketball,0.7596043703703704,0.0
677888,driving,2.2801638148148147,1.0
677888,aiming,0.7138460967741935,0.4838709677419355
679936,basketball,0.7814505909090909,0.0
679936,driving,2.1917570476190478,0.9523809523809523
679936,aiming,0.6811238928571429,0.5
681984,basketball,0.7438912121212121,0.0
681984,driving,2.219389230769231,1.0
681984,aiming,0.7644691153846153,0.6153846153846154
684032,basketball,0.7708389714285714,0.0
684032,driving,2.2977547499999997,1.0
684032,aiming,0.6844204074074073,0.4444444444444444
686080,basketball,0.7311383157894737,0.0
686080,driving,2.332099423076923,1.0
686080,aiming,0.7489557804878049,0.5853658536585366
688128,basketball,0.7031886071428571,0.0
688128,driving,2.26879975,1.0
688128,aiming,0.7133806,0.5
690176,basketball,0.7586899130434782,0.0
690176,driving,2.3560165172413794,1.0
690176,aiming,0.7370810689655172,0.5517241379310345
692224,basketball,0.715653696969697,0.0
692224,driving,2.3885260869565217,1.0
692224,aiming,0.7338002962962963,0.5555555555555556
694272,basketball,0.6469641363636364,0.0
694272,driving,2.2528904,1.0
694272,aiming,0.827448111111111,0.7407407407407407
696320,basketball,0.7512110344827586,0.0
696320,driving,2.2953247692307692,1.0
696320,aiming,0.6829367307692308,0.4230769230769231
698368,basketball,0.8463384545454546,0.0
698368,driving,2.3055538275862073,1.0
698368,aiming,0.7066880384615384,0.5
700416,basketball,0.7000229729729729,0.0
700416,driving,2.31201845,1.0
700416,aiming,0.7697167857142857,0.6428571428571429
702464,basketball,0.660977,0.0
702464,driving,2.275081692307692,1.0
702464,aiming,0.7256780952380952,0.5238095238095238
704512,basketball,0.7358835384615384,0.0
704512,driving,2.186760296296296,1.0
704512,aiming,0.6696538148148148,0.4444444444444444
706560,basketball,0.736619695652174,0.0
706560,driving,2.254177787878788,1.0
706560,aiming,0.6977977272727273,0.5
708608,basketball,0.80957616,0.0
708608,driving,2.2988581515151516,1.0
708608,aiming,0.7854015925925926,0.6666666666666666
710656,basketball,0.7749982000000001,0.0
710656,driving,2.315978785714286,1.0
710656,aiming,0.7996714333333333,0.7333333333333333
712704,basketball,0.84746072,0.0
712704,driving,2.313340037037037,1.0
712704,aiming,0.7661375555555555,0.6111111111111112
714752,basketball,0.7660221875,0.0
714752,driving,2.3738775217391304,1.0
714752,aiming,0.68728664,0.44
716800,basketball,0.7649786,0.0
716800,driving,2.2140897692307693,1.0
716800,aiming,0.7615898,0.6
718848,basketball,0.7093782592592593,0.0
718848,driving,2.304158814814815,1.0
718848,aiming,0.6792528518518518,0.4444444444444444
720896,basketball,0.7561464482758621,0.0
720896,driving,2.261372636363636,1.0
720896,aiming,0.696148724137931,0.4827586206896552
722944,basketball,0.7608236785714285,0.0
722944,driving,2.3206651071428572,1.0
722944,aiming,0.7155340689655173,0.4827586206896552
724992,basketball,0.7898983666666666,0.0
724992,driving,2.300781931034483,1.0
724992,aiming,0.7384999999999999,0.5652173913043478
727040,basketball,0.7515243928571429,0.0
727040,driving,2.34333909375,1.0
727040,aiming,0.6756535294117647,0.47058823529411764
729088,basketball,0.7650619393939394,0.0
729088,driving,2.251116222222222,1.0
729088,aiming,0.7175839583333333,0.5
731136,basketball,0.7841284074074074,0.0
731136,driving,2.314291037037037,1.0
731136,aiming,0.7431981333333333,0.5333333333333333
733184,basketball,0.7452333333333333,0.0
733184,driving,2.2621763636363634,1.0
733184,aiming,0.7446765666666667,0.5666666666666667
735232,basketball,0.721803,0.0
735232,driving,2.296482692307692,1.0
735232,aiming,0.6564954761904762,0.38095238095238093
737280,basketball,0.7956866470588235,0.0
737280,driving,2.305436956521739,1.0
737280,aiming,0.7387537407407407,0.5925925925925926
739328,basketball,0.7524723103448276,0.0
739328,driving,2.320155148148148,1.0
739328,aiming,0.6043957391304348,0.2608695652173913
741376,basketball,0.7365925,0.0
741376,driving,2.3174176896551724,1.0
741376,aiming,0.6867089999999999,0.4642857142857143
743424,basketball,0.7280020857142857,0.0
743424,driving,2.2674142692307693,1.0
743424,aiming,0.6574543684210526,0.3684210526315789
745472,basketball,0.7458248125,0.0
745472,driving,2.311055576923077,1.0
745472,aiming,0.72734588,0.56
747520,basketball,0.8556304333333333,0.0
747520,driving,2.2609754166666667,1.0
747520,aiming,0.7467413157894737,0.5526315789473685
749568,basketball,0.7819081785714286,0.0
749568,driving,2.3785899615384616,1.0
749568,aiming,0.7848471764705882,0.6470588235294118
751616,basketball,0.8175863235294117,0.0
751616,driving,2.305832379310345,1.0
751616,aiming,0.7200522173913043,0.5217391304347826
753664,basketball,0.7794659032258064,0.0
753664,driving,2.219684692307692,1.0
753664,aiming,0.7428992352941176,0.5882352941176471
755712,basketball,0.8177088571428571,0.0
755712,driving,2.2419261,1.0
755712,aiming,0.7413700666666666,0.6
757760,basketball,0.753847935483871,0.0
757760,driving,2.249463,1.0
757760,aiming,0.7818893157894736,0.6578947368421053
759808,basketball,0.83603752,0.0
759808,driving,2.368140642857143,1.0
759808,aiming,0.7482181212121212,0.5757575757575758
761856,basketball,0.7250405588235294,0.0
761856,driving,2.2804509523809524,1.0
761856,aiming,0.7267630625,0.5
763904,basketball,0.8236671935483871,0.0
763904,driving,2.2358421481481483,1.0
763904,aiming,0.7764204411764705,0.6176470588235294
765952,basketball,0.766268448275862,0.0
765952,driving,2.276846347826087,1.0
765952,aiming,0.6370998333333333,0.36666666666666664
768000,basketball,0.8306710588235294,0.0
768000,driving,2.327052689655172,1.0
768000,aiming,0.771427357142857,0.6071428571428571
770048,basketball,0.75007,0.0
770048,driving,2.3250061333333334,1.0
770048,aiming,0.7121452916666667,0.5416666666666666
772096,basketball,0.7911302692307692,0.0
772096,driving,2.32486516,1.0
772096,aiming,0.784167375,0.65
774144,basketball,0.8204471785714286,0.0
774144,driving,2.226286515151515,1.0
774144,aiming,0.6964452592592593,0.5555555555555556
776192,basketball,0.8222386296296297,0.0
776192,driving,2.228479551724138,1.0
776192,aiming,0.7525382187499999,0.59375
778240,basketball,0.824629,0.0
778240,driving,2.3415325937500002,1.0
778240,aiming,0.7545501818181818,0.5454545454545454
780288,basketball,0.7941890512820512,0.0
780288,driving,2.2653942727272725,1.0
780288,aiming,0.722192,0.5
782336,basketball,0.8301278888888889,0.0
782336,driving,2.2364236296296296,1.0
782336,aiming,0.7483728620689655,0.5862068965517241
784384,basketball,0.8057561034482759,0.0
784384,driving,2.273713387096774,1.0
784384,aiming,0.7969509130434783,0.6956521739130435
786432,basketball,0.8392276923076923,0.0
786432,driving,2.2725481212121212,1.0
786432,aiming,0.7256484615384615,0.5384615384615384
788480,basketball,0.7936253999999999,0.0
788480,driving,2.2206709615384614,1.0
788480,aiming,0.7230053529411764,0.5
790528,basketball,0.7909346896551724,0.0
790528,driving,2.265843269230769,1.0
790528,aiming,0.6953936562499999,0.46875
792576,basketball,0.7490041818181817,0.0
792576,driving,2.3249754166666667,1.0
792576,aiming,0.7877509411764705,0.7058823529411765
794624,basketball,0.7477462142857142,0.0
794624,driving,2.2763275,1.0
794624,aiming,0.8056431764705883,0.6764705882352942
796672,basketball,0.7901046,0.0
796672,driving,2.236799625,1.0
796672,aiming,0.814401625,0.71875
798720,basketball,0.7561016875,0.0
798720,driving,2.44957775,1.0
798720,aiming,0.79524359375,0.6875
800768,basketball,0.8090839599999999,0.0
800768,driving,2.2713957931034483,1.0
800768,aiming,0.6856466333333333,0.43333333333333335
802816,basketball,0.7602377391304348,0.0
802816,driving,2.258412068965517,1.0
802816,aiming,0.7858235833333332,0.6944444444444444
804864,basketball,0.8201617741935483,0.0
804864,driving,2.4121280370370375,1.0
804864,aiming,0.8165679411764705,0.7352941176470589
806912,basketball,0.8505712727272727,0.0
806912,driving,2.295995185185185,1.0
806912,aiming,0.7745946874999999,0.625
808960,basketball,0.8470872894736843,0.0
808960,driving,2.2156488666666667,1.0
808960,aiming,0.7805504666666666,0.6666666666666666
811008,basketball,0.7734621034482758,0.0
811008,driving,2.3048499333333337,1.0
811008,aiming,0.7594478749999999,0.5833333333333334
813056,basketball,0.802290375,0.0
813056,driving,2.2584736333333333,1.0
813056,aiming,0.7106312068965517,0.5172413793103449
815104,basketball,0.8449035925925926,0.0
815104,driving,2.268266787878788,1.0
815104,aiming,0.7679752666666667,0.6333333333333333
817152,basketball,0.7538893571428572,0.0
817152,driving,2.397755125,1.0
817152,aiming,0.7364496428571429,0.5714285714285714
819200,basketball,0.791098148148148,0.0
819200,driving,2.350660291666667,1.0
819200,aiming,0.741674641025641,0.5641025641025641
821248,basketball,0.7651748076923077,0.0
821248,driving,2.2949362592592593,1.0
821248,aiming,0.8035922,0.6857142857142857
823296,basketball,0.8457546666666667,0.0
823296,driving,2.2894711923076922,1.0
823296,aiming,0.7680930256410256,0.6410256410256411
825344,basketball,0.818051,0.0
825344,driving,2.3268314782608694,1.0
825344,aiming,0.7639836363636363,0.6363636363636364
827392,basketball,0.829309447368421,0.0
827392,driving,2.2767426551724137,1.0
827392,aiming,0.8057225238095237,0.7142857142857143
829440,basketball,0.8773189210526315,0.0
829440,driving,2.3124396296296297,1.0
829440,aiming,0.7740417647058823,0.6470588235294118
831488,basketball,0.8656049583333333,0.0
831488,driving,2.21486327027027,1.0
831488,aiming,0.7697528260869564,0.6521739130434783
833536,basketball,0.8420540666666666,0.0
833536,driving,2.2641837741935484,1.0
833536,aiming,0.7041636923076923,0.5
835584,basketball,0.8721775909090909,0.0
835584,driving,2.277060575757576,1.0
835584,aiming,0.7442683225806451,0.6129032258064516
837632,basketball,0.7882565,0.0
837632,driving,2.3305389642857146,1.0
837632,aiming,0.71786192,0.56
839680,basketball,0.83851759375,0.0
839680,driving,2.3058716785714286,1.0
839680,aiming,0.81958375,0.75
841728,basketball,0.86080375,0.0
841728,driving,2.291942516129032,1.0
841728,aiming,0.8249824444444445,0.75
843776,basketball,0.8377584,0.0
843776,driving,2.223114259259259,1.0
843776,aiming,0.7776600303030303,0.6363636363636364
845824,basketball,0.8614995135135135,0.0
845824,driving,2.295633148148148,1.0
845824,aiming,0.776119625,0.65625
847872,basketball,0.8311982972972973,0.0
847872,driving,2.340052958333333,1.0
847872,aiming,0.7330796451612903,0.5806451612903226
849920,basketball,0.8477769310344827,0.0
849920,driving,2.2813631481481482,1.0
849920,aiming,0.7440957297297297,0.5945945945945946
851968,basketball,0.8644233461538461,0.0
851968,driving,2.3829614375,1.0
851968,aiming,0.7861159999999999,0.6666666666666666
854016,basketball,0.8053186578947368,0.0
854016,driving,2.209049296296296,1.0
854016,aiming,0.8282497931034483,0.7586206896551724
856064,basketball,0.857108275862069,0.0
856064,driving,2.301200214285714,1.0
856064,aiming,0.7359850882352941,0.5294117647058824
858112,basketball,0.8253995333333334,0.0
858112,driving,2.3572372,1.0
858112,aiming,0.8522603,0.8
860160,basketball,0.7794574761904762,0.0
860160,driving,2.2726315625,1.0
860160,aiming,0.7898498064516128,0.6774193548387096
862208,basketball,0.8244979642857143,0.0
862208,driving,2.3147913333333334,1.0
862208,aiming,0.7874152307692307,0.6538461538461539
864256,basketball,0.831425894736842,0.0
864256,driving,2.372057,1.0
864256,aiming,0.8161893499999999,0.75
866304,basketball,0.842564625,0.0
866304,driving,2.2922472857142857,1.0
866304,aiming,0.8644158399999999,0.84
868352,basketball,0.8212804333333333,0.0
868352,driving,2.3058899999999998,1.0
868352,aiming,0.7719772307692307,0.6538461538461539
870400,basketball,0.8426563461538461,0.0
870400,driving,2.23424790625,1.0
870400,aiming,0.7440443461538462,0.5769230769230769
872448,basketball,0.775124,0.0
872448,driving,2.2483331428571427,1.0
872448,aiming,0.7310984594594595,0.5675675675675675
874496,basketball,0.8432711333333334,0.0
874496,driving,2.313510193548387,1.0
874496,aiming,0.7770974814814814,0.6296296296296297
876544,basketball,0.849066875,0.0
876544,driving,2.3198606666666666,1.0
876544,aiming,0.7593216071428571,0.6071428571428571
878592,basketball,0.83815408,0.0
878592,driving,2.3189612727272726,1.0
878592,aiming,0.798240064516129,0.6774193548387096
880640,basketball,0.864791731707317,0.0
880640,driving,2.28839616,1.0
880640,aiming,0.7132923103448275,0.5517241379310345
882688,basketball,0.8162433636363636,0.0
882688,driving,2.299991612903226,1.0
882688,aiming,0.79123464,0.68
884736,basketball,0.8468977142857143,0.0
884736,driving,2.3731092903225806,1.0
884736,aiming,0.7889612857142857,0.6785714285714286
886784,basketball,0.7802172173913043,0.0
886784,driving,2.2792122424242427,1.0
886784,aiming,0.7748518888888889,0.5925925925925926
888832,basketball,0.7902532608695652,0.0
888832,driving,2.245797,1.0
888832,aiming,0.8210607391304348,0.7391304347826086
890880,basketball,0.7870028333333333,0.0
890880,driving,2.2134743125,1.0
890880,aiming,0.7008532962962962,0.5185185185185185
892928,basketball,0.8489647741935483,0.0
892928,driving,2.3431639655172414,1.0
892928,aiming,0.77325278125,0.625
894976,basketball,0.8939272903225806,0.0
894976,driving,2.2601063333333333,1.0
894976,aiming,0.753818625,0.625
897024,basketball,0.8222011428571429,0.0
897024,driving,2.2225004333333334,1.0
897024,aiming,0.819807303030303,0.7272727272727273
899072,basketball,0.84577075,0.0
899072,driving,2.2477,1.0
899072,aiming,0.7949601875,0.6875
901120,basketball,0.8397190909090908,0.0
901120,driving,2.3085118749999998,1.0
901120,aiming,0.7667316923076922,0.6538461538461539
903168,basketball,0.8336610714285715,0.0
903168,driving,2.3750482962962964,1.0
903168,aiming,0.8007449189189189,0.7027027027027027
905216,basketball,0.8682216666666667,0.0
905216,driving,2.2934189714285718,1.0
905216,aiming,0.7526130384615384,0.5769230769230769
907264,basketball,0.858704425,0.0
907264,driving,2.2880846999999997,1.0
907264,aiming,0.7686707727272727,0.6363636363636364
909312,basketball,0.8042286666666666,0.0
909312,driving,2.452018074074074,1.0
909312,aiming,0.7727047027027026,0.6756756756756757
911360,basketball,0.8330306129032258,0.0
911360,driving,2.2729854411764703,1.0
911360,aiming,0.7301507142857142,0.5238095238095238
913408,basketball,0.8768087714285714,0.0
913408,driving,2.2984135,1.0
913408,aiming,0.8454711379310345,0.7931034482758621
915456,basketball,0.8490911891891891,0.0
915456,driving,2.3251869615384617,1.0
915456,aiming,0.8143198888888888,0.7222222222222222
917504,basketball,0.8690678,0.0
917504,driving,2.3308759677419353,1.0
917504,aiming,0.8601172424242424,0.8181818181818182
919552,basketball,0.8578370571428572,0.0
919552,driving,2.315168032258064,1.0
919552,aiming,0.7735071666666666,0.6666666666666666
921600,basketball,0.8512928780487805,0.0
921600,driving,2.3586845384615382,1.0
921600,aiming,0.7834692413793103,0.6896551724137931
923648,basketball,0.8308788518518518,0.0
923648,driving,2.3624912307692307,1.0
923648,aiming,0.8170577948717949,0.7435897435897436
925696,basketball,0.78347604,0.0
925696,driving,2.3673944242424243,1.0
925696,aiming,0.7597602857142857,0.6190476190476191
927744,basketball,0.8744702903225806,0.0
927744,driving,2.4067846206896553,1.0
927744,aiming,0.7828895625,0.6875
929792,basketball,0.8398296551724137,0.0
929792,driving,2.3091215925925925,1.0
929792,aiming,0.6759699333333332,0.43333333333333335
931840,basketball,0.8166344999999999,0.0
931840,driving,2.348807620689655,1.0
931840,aiming,0.7619329677419354,0.6451612903225806
933888,basketball,0.8546495666666666,0.0
933888,driving,2.27204737037037,1.0
933888,aiming,0.7082866764705882,0.5
935936,basketball,0.8864654,0.0
935936,driving,2.331774766666667,1.0
935936,aiming,0.8138672558139534,0.7209302325581395
937984,basketball,0.8659254166666667,0.0
937984,driving,2.2573514074074073,1.0
937984,aiming,0.8059260555555555,0.7222222222222222
940032,basketball,0.8634233571428572,0.0
940032,driving,2.356768935483871,1.0
940032,aiming,0.7180468333333333,0.5
942080,basketball,0.8600427419354839,0.0
942080,driving,2.2610908064516133,1.0
942080,aiming,0.7500867692307692,0.5769230769230769
944128,basketball,0.8629571666666666,0.0
944128,driving,2.2097630882352943,1.0
944128,aiming,0.7711881379310345,0.6551724137931034
946176,basketball,0.8168368461538461,0.0
946176,driving,2.291225696969697,1.0
946176,aiming,0.8180201034482759,0.7241379310344828
948224,basketball,0.8330929259259259,0.0
948224,driving,2.3222637,1.0
948224,aiming,0.8503372702702702,0.7837837837837838
950272,basketball,0.884977909090909,0.0
950272,driving,2.3329355333333335,1.0
950272,aiming,0.81099071875,0.71875
952320,basketball,0.8469192999999999,0.0
952320,driving,2.3342457999999997,1.0
952320,aiming,0.7193588799999999,0.52
954368,basketball,0.8384526666666667,0.0
954368,driving,2.2620670416666666,1.0
954368,aiming,0.7935167222222222,0.6666666666666666
956416,basketball,0.8550428857142857,0.0
956416,driving,2.2864389583333335,1.0
956416,aiming,0.7042281428571429,0.5428571428571428
958464,basketball,0.8592426363636363,0.0
958464,driving,2.2427832857142858,1.0
958464,aiming,0.784453046511628,0.6744186046511628
960512,basketball,0.8811011388888889,0.0
960512,driving,2.2718266923076924,1.0
960512,aiming,0.8247153055555555,0.75
962560,basketball,0.8234695625,0.0
962560,driving,2.3080385609756098,1.0
962560,aiming,0.7570806666666666,0.6190476190476191
964608,basketball,0.8488924642857143,0.0
964608,driving,2.2658781,1.0
964608,aiming,0.8089518787878787,0.696969696969697
966656,basketball,0.8766506153846154,0.0
966656,driving,2.3832792142857144,1.0
966656,aiming,0.8208443214285713,0.7142857142857143
968704,basketball,0.86024003125,0.0
968704,driving,2.41281808,1.0
968704,aiming,0.7512843428571429,0.6
970752,basketball,0.8970524062499999,0.0
970752,driving,2.1466905185185188,1.0
970752,aiming,0.797956465116279,0.6976744186046512
972800,basketball,0.8474375714285715,0.0
972800,driving,2.3970513461538463,1.0
972800,aiming,0.7376630645161291,0.5806451612903226
974848,basketball,0.82681152,0.0
974848,driving,2.301025740740741,1.0
974848,aiming,0.7674498055555555,0.6111111111111112
976896,basketball,0.9031848275862069,0.0
976896,driving,2.291327294117647,1.0
976896,aiming,0.8061912499999999,0.75
978944,basketball,0.8529656071428571,0.0
978944,driving,2.3095481612903224,1.0
978944,aiming,0.821531,0.75
980992,basketball,0.8193261071428571,0.0
980992,driving,2.318424454545455,1.0
980992,aiming,0.7596359130434783,0.6086956521739131
983040,basketball,0.8330909705882352,0.0
983040,driving,2.3198643333333333,1.0
983040,aiming,0.848614,0.8064516129032258
985088,basketball,0.8826700000000001,0.0
985088,driving,2.3028170857142856,1.0
985088,aiming,0.7691103870967742,0.6129032258064516
987136,basketball,0.8566715151515152,0.0
987136,driving,2.335950034482759,1.0
987136,aiming,0.8160813636363636,0.7575757575757576
989184,basketball,0.8283256842105263,0.0
989184,driving,2.3035436799999998,1.0
989184,aiming,0.799144,0.6896551724137931
991232,basketball,0.8715186538461539,0.0
991232,driving,2.32443096875,1.0
991232,aiming,0.8019688965517241,0.7241379310344828
993280,basketball,0.8774646571428572,0.0
993280,driving,2.356385034482759,1.0
993280,aiming,0.7123315185185185,0.5185185185185185
995328,basketball,0.8641584594594593,0.0
995328,driving,2.274780037037037,1.0
995328,aiming,0.782405064516129,0.6451612903225806
997376,basketball,0.8269166538461538,0.0
997376,driving,2.3089576666666667,1.0
997376,aiming,0.74430368,0.6
999424,basketball,0.8872555357142857,0.0
999424,driving,2.23276332,1.0
999424,aiming,0.736475953488372,0.5813953488372093
1001472,basketball,0.8734097777777777,0.0
1001472,driving,2.354651818181818,1.0
1001472,aiming,0.7759195333333333,0.6
